0	OVERLAP	幼稚園から大学まで[ENT]通った青山学院では、とにかく活発で、目立つ生徒だったという。[SEP]高等部では自由な校風もあって、流行に乗ってかばんを薄くつぶしたり、ピアスを[ENT]したり。
1	VAGUE	呼び出して注意する先生もいたが、二、三年時に担任だった池田弘子先生（７５）は[ENT]違った。[SEP]「そんな薄いかばんじゃ遊び道具も入らないよ」「体育や部活では、。危ないからピアスを[ENT]はずしたほうがいい」
2	OVERLAP	台湾人の父を持ち、「家で蓮[UNK]さんは、いつも自己主張するよう教えられていた」率先して自分の意見を[ENT]言った。[SEP]「どこかみんなとは。[ENT]違っていたのかもしれない」
3	OVERLAP	「どこかみんなとは。[ENT]違っていたのかもしれない」[SEP]ほかの先生たちには、「おしゃべり」のレッテルを[ENT]張られていた。
4	OVERLAP	ほかの先生たちには、「おしゃべり」のレッテルを[ENT]張られていた。[SEP]それなのに、池田先生は[ENT]言ってくれたのだ。
5	OVERLAP	それなのに、池田先生は[ENT]言ってくれたのだ。[SEP]「と、初めてしゃべるのが得意なんだから、能力を生かしてみたら」「おしゃべり」を[ENT]評価してくれた。
6	BEFORE	大学に進学する時も、「あなたはと、法学部に論理的に考えるのが得意」行くよう[ENT]促したのは池田先生。[SEP]大学在学中にデビューし、キャスターとして活躍するその後の進路を思うにつけ、「本当によくと見ていてくれた」[ENT]感謝する。
7	AFTER	池田先生も、蓮[UNK]さんにアドバイスしたことを[ENT]覚えていた。[SEP]「生意気という人も。いたけれど、私は、彼女のようにモノをはっきり言えることがこれからは大切だと[ENT]思っていました」
8	BEFORE	「生意気という人も。いたけれど、私は、彼女のようにモノをはっきり言えることがこれからは大切だと[ENT]思っていました」[SEP]ひときわ元気だった教え子に、「持ち前の才能をとエールを生かしていってほしい」[ENT]送る。
9	BEFORE	学童保育の全国組織、全国学童保育連絡協議会が１７、１８日、電話相談を[ENT]行う。[SEP]利用者の相談に乗り、要望も集め厚生労働省に[ENT]届ける。
10	OVERLAP	もみじの木にとまって仲良く[ENT]寄り添う二羽のキジバト。[SEP]「目をは、京都御所でのスナップ。[ENT]とじて」
11	BEFORE	最初は離れてとまっていたそうですが、やがて二羽が並び、写真のように恋人同士を思わせるしぐさに[ENT]移ったそうです。[SEP]バックが暗い中、ストロボの光が鳥に集光して、スポットライトを当てたようになったのと、タイミングよくまぶたを閉じてくれたことで、独特な雰囲気の写真に[ENT]なりました。
12	VAGUE	バックが暗い中、ストロボの光が鳥に集光して、スポットライトを当てたようになったのと、タイミングよくまぶたを閉じてくれたことで、独特な雰囲気の写真に[ENT]なりました。[SEP]「喜色満面」は、道をまちがえて偶然[ENT]出会った小さな石像です。
13	BEFORE	「喜色満面」は、道をまちがえて偶然[ENT]出会った小さな石像です。[SEP]道や旅の安全を守る道祖神のひとつでしょうが、編み笠をかぶった人なつっこい笑顔を見るだけで、旅の疲れも[ENT]取れそうです。
14	VAGUE	道や旅の安全を守る道祖神のひとつでしょうが、編み笠をかぶった人なつっこい笑顔を見るだけで、旅の疲れも[ENT]取れそうです。[SEP]「昼寝」は、桜の木の上で気持ち良さそうに[ENT]眠るニャンコです。
15	BEFORE	ニュース写真として[ENT]掲載させていただくことがあります。[SEP]【投稿要項】１サイズはキャビネ（２Ｌ）かサービス判２撮影者の住所、氏名、年齢、職業、電話番号、撮影場所、作品のタイトルと簡単な説明を添付３返却希望の有無を明記４掲載作品には記念品、優秀作品には旬間賞を[ENT]贈ります。
16	VAGUE	昨年四月にオープンした大阪市北区の大阪国際会議場（グランキューブ大阪）の来場者が二十日、百万人を[ENT]突破した。[SEP]開業一年間の稼働率は当初目標を上回り、初年度決算も黒字確実で、山下和彦社長は「と二年目も引き続き好調を維持したい」[ENT]している。
17	VAGUE	収支見込みも、当初は数年間の赤字が必至とみられていたが、今月三十一日に予定している初年度決算で「経常利益は数億円単位の黒字に（山下社長）となる」[ENT]いう。[SEP]この日、百万人目の来場者となったのは兵庫県市川町の柴田愛子さんで、田中丈三支配人から花束などが[ENT]手渡された。
18	BEFORE	水田のあぜ道などに[ENT]放置された廃タイヤの一掃が目的。[SEP]廃タイヤ処理は所有者が民間業者に持ち込むのが一般的で、「自治体や団体が（道環境室）と[ENT]取り組むのは道内初」いう。
19	BEFORE	今月初めから町内全戸を対象に希望調査を行っており、五月中旬から回収を[ENT]始める。[SEP]今回の回収費用は千六百万―千八百万円かかる見込みで、同町が六百万円を[ENT]補助する。
20	AFTER	今回の回収費用は千六百万―千八百万円かかる見込みで、同町が六百万円を[ENT]補助する。[SEP]米どころの同町では、降霜対策で農家による廃タイヤの野焼きが行われてきたが、ダイオキシン問題や交通妨害が指摘され、行き場を失った廃タイヤがあぜ道や納屋の横に[ENT]放置されてきた。
21	OVERLAP	全体の経常損益は千六百七十二億円の赤字で、累積欠損金は二兆三千四百五十四億円に[ENT]上っている。[SEP]営業損益だけで見ると半数近くが黒字路線だが、巨額の建設費に対する支払利息などの営業外費用が重く[ENT]のしかかっている。
22	BEFORE	東京大はこの春から、大学院理学系研究科化学専攻の学生を対象に、マンツーマン方式の徹底的な英語指導を[ENT]始める。[SEP]科学の知識がある米国人講師が、論文の書き方、こなれた表現、討論もできる会話力を[ENT]鍛える。
23	AFTER	大学院では教育より研究が重視される風潮があり、同大によると、大学院でのこうした取り組みは初めてと[ENT]いう。[SEP]化学専攻は昨年、文部科学省の「に２１世紀ＣＯＥ（センター・オブ・エクセレンス）プログラム」[ENT]選ばれた。
24	BEFORE	化学専攻は昨年、文部科学省の「に２１世紀ＣＯＥ（センター・オブ・エクセレンス）プログラム」[ENT]選ばれた。[SEP]研究・教育予算が５年間、１億〜５億円ずつ加算されることになり、英語特別指導はその予算を[ENT]利用する。
25	AFTER	研究・教育予算が５年間、１億〜５億円ずつ加算されることになり、英語特別指導はその予算を[ENT]利用する。[SEP]同専攻は英語教育のほかにも、博士課程の学生の約７割にあたる７１人を「研究補助員」として雇用する契約を結び、研究活動に対して毎月７万５０００円の報酬を支払う取り組みも[ENT]始めた。
26	BEFORE	ブラジル東部オリンダで、カーニバルの中、男たちが通りすがりの女性にキスする習慣ができ、市当局が取り締まりに[ENT]乗り出した。[SEP]強制わいせつ罪が[ENT]適用される。
27	OVERLAP	米ＣＮＮテレビのプロデューサー、ウェンディ・ウィットワースさんの５０歳の誕生日、夫のラルフさんが[ENT]“プレゼント”したのは何と、元ビートルズのポール・マッカートニーのプライベートコンサートだった。[SEP]誕生パーティーで夫がポールの登場を[ENT]告げると、彼の大ファンのウェンディさんは思わず涙。
28	BEFORE	誕生パーティーで夫がポールの登場を[ENT]告げると、彼の大ファンのウェンディさんは思わず涙。[SEP]約１時間半のコンサートの終幕近くには、ポールはウェンディさんをステージに上げ、ビートルズの「バースデイ」を演奏したと[ENT]いう。
29	AFTER	■■元労相は無罪を主張したが、安広文夫裁判長は４罪とも成立を[ENT]認め[SEP]「なりふり構わず資金を調達しようと[ENT]した利欲目的の犯行。
30	BEFORE	「なりふり構わず資金を調達しようと[ENT]した利欲目的の犯行。[SEP]国会議員の地位にありながら、不合理な弁解を繰り返し、反省も[ENT]していない」
31	BEFORE	と[ENT]断罪した。[SEP]元労相は[ENT]上告する方針。
32	AFTER	元労相は[ENT]上告する方針。[SEP]１審より減刑した理由について安広裁判長は、詐欺の被害者である旧熊本工大（現崇城大学）側と今月４日に民事上の和解が成立したことを[ENT]あげた。
33	AFTER	最高裁裁判官の国民審査が九日、衆院選投票と同時に[ENT]実施される。[SEP]共同通信社は今回審査を受ける九人の裁判官にアンケートを[ENT]した。
34	BEFORE	司法制度改革の論議が終盤を[ENT]迎えつつある。[SEP]検討されている課題は多いが、中でも裁判官と国民から選ばれた裁判員が協力し、刑事事件の審理、判決を[ENT]行う裁判員制度の導入は、国民の司法参加の象徴ともいえ、大きな目玉の一つだ。
35	AFTER	検討されている課題は多いが、中でも裁判官と国民から選ばれた裁判員が協力し、刑事事件の審理、判決を[ENT]行う裁判員制度の導入は、国民の司法参加の象徴ともいえ、大きな目玉の一つだ。[SEP]そこで１最高裁裁判官としての信条や審理に当たっての心構え２裁判員制度が実施された場合、裁判官と裁判員それぞれに[ENT]期待することは何か。
36	AFTER	そこで１最高裁裁判官としての信条や審理に当たっての心構え２裁判員制度が実施された場合、裁判官と裁判員それぞれに[ENT]期待することは何か。[SEP]円滑に運営するための環境整備や不安を感じる点など制度全般への意見３制度を議論する過程で浮上している事件報道に関するメディア規制などをどう考えるか―の三点を[ENT]質問した。
37	OVERLAP	裁判官も裁判員も冷静な心をもって[ENT]当たればいい。[SEP]ただ事件増で裁判官も法廷も[ENT]足りないという現実との調和が最も必要。
38	OVERLAP	ただ事件増で裁判官も法廷も[ENT]足りないという現実との調和が最も必要。[SEP]３具体的事件で裁判員などへの取材は[ENT]控えるべきだ。
39	BEFORE	婚外子の遺産相続分を嫡出子の半分とする民法の規定を合憲と[ENT]判断した判決（第一小法廷、０３年３月）で反対意見。[SEP]テレビ朝日のダイオキシン報道に対し真実性の証明を不十分とした判決（０３年１０月）で「報道のと補足意見。全体的な意義を評価することに変わり[ENT]ない」
40	OVERLAP	当事者の声に耳を傾け、最高裁として取り上げるべきかを冷静、公正、迅速に叡智と勇気をもって[ENT]判断していく。[SEP]２互いに力を合わせ、適正、迅速な刑事裁判の実現に[ENT]努めてほしい。
41	OVERLAP	１職責の重大さを自覚し、当事者双方の主張によく耳を傾けて、普遍的な常識にかなった適正、妥当な裁判を行うよう[ENT]努める。[SEP]２制度導入については、主体となる国民の支持と理解が[ENT]得られることが前提。
42	VAGUE	２制度導入については、主体となる国民の支持と理解が[ENT]得られることが前提。[SEP]国民の負担をできるだけ少なくするよう工夫し、参加しやすい制度に[ENT]することが必要。
43	AFTER	国民の負担をできるだけ少なくするよう工夫し、参加しやすい制度に[ENT]することが必要。[SEP]３検討会で審議中なので個人的意見は[ENT][UNK]。
44	OVERLAP	１責任の重さに比べ自分の至らないことを肝に銘じ、適正、迅速な裁判実現のために全力を[ENT]尽くす。[SEP]２それぞれの意見を尊重しながら自由活発に徹底した合議を尽くし、適正妥当な結論に達するのが最も[ENT]期待される点。
45	OVERLAP	裁判員の負担が過重とならないように裁判をより分かりやすく、より速やかなものに変えていく必要が[ENT]ある。[SEP]３事件報道の制限を検討する必要が[ENT]ある。
46	OVERLAP	１法律制度は、人間のからだとこころの自由を守るためにあるべきもの、と[ENT]観念する。[SEP]個別的な事案処理の妥当性と法解釈の規範性をいかにバランスさせるかを常に[ENT]考えている。
47	OVERLAP	個別的な事案処理の妥当性と法解釈の規範性をいかにバランスさせるかを常に[ENT]考えている。[SEP]２相手の言うことをよく聞き、自分の見方を率直に伝え、相互理解のレベルを協力して高めることが[ENT]期待される。
48	BEFORE	００年衆院選の選挙無効訴訟の判決（０１年１２月）で一票の格差について「一対二以上にと違憲の反対意見。及ぶ場合、是認することは[ENT]できない」[SEP]大[UNK]祭を「政教分離にと反しない」[ENT]判断した判決（０２年７月）で裁判長。
49	AFTER	２制度は国民に多くの負担を[ENT]かける。[SEP]目的、趣旨を十分に[ENT]理解してもらうことが必要。
50	VAGUE	目的、趣旨を十分に[ENT]理解してもらうことが必要。[SEP]３メディアの自己規制が国民の信頼を[ENT]得られるか。
51	OVERLAP	３多くの問題が[ENT]交錯する微妙な問題。[SEP]具体的な制度の在り方を十分に[ENT]詰めることが肝心だ。
52	VAGUE	「行政改革会議」で中央省庁再編案の取りまとめに[ENT]当たった。[SEP]サブリース契約での賃料減額請求を認めた判決（０３年１０月[UNK]「東電ＯＬ殺害事件」で一審無罪、二審無期懲役となったネパール人被告の上告を[ENT]棄却する決定（同）で裁判長。
53	OVERLAP	１事件の全体像を理解した上での判断となるよう[ENT]努める。[SEP]２裁判員が自身の判断を行いやすい環境を[ENT]整えることが重要。
54	BEFORE	２裁判員が自身の判断を行いやすい環境を[ENT]整えることが重要。[SEP]裁判所の支援とともに、裁判員と[ENT]なった人の雇い主、家族ら周辺の理解が不可欠。
55	AFTER	裁判所の支援とともに、裁判員と[ENT]なった人の雇い主、家族ら周辺の理解が不可欠。[SEP]３国民の司法への参加という大きな改革である裁判員制度を根付かせる視点で、議論が深められることを[ENT]期待する。
56	AFTER	自営業者らが加入する国民健康保険（市町村国保）の保険料の滞納世帯が今年六月時点で、前年同期から約四十三万世帯増え、過去最高の約四百五十五万世帯になったことが七日までの厚生労働省の調べで[ENT]分かった。[SEP]滞納世帯の割合は１．２ポイント[ENT]上昇し１９．２％で、ほぼ五軒に一軒。
57	AFTER	定職がない若者の納付意識が低いことも、滞納が増えた原因と[ENT]みている。[SEP]都道府県別の滞納割合では、埼玉県が２８．１％で最も高く、茨城、沖縄両県も２５％を[ENT]超えた。
58	OVERLAP	都道府県別の滞納割合では、埼玉県が２８．１％で最も高く、茨城、沖縄両県も２５％を[ENT]超えた。[SEP]島根、富山、鹿児島の三県は８．６―９．８％と一けた台に[ENT]とどまった。
59	OVERLAP	「『おいしいね』と母も[ENT]感心しています。[SEP]料理の回数が増えただけでなく、生活全体を楽しむように[ENT]なりました」
60	OVERLAP	と[ENT]話す。[SEP]齋藤さんが[ENT]使っている
61	OVERLAP	（主婦と生活社）のレシピを考案した濱田美里さん（２７）は、大学卒業後、独学で料理を研究しながらイベントなどで[ENT]活躍している。[SEP]昨年春、若者向けの独り暮らし情報誌に連載中のコラムで、炊飯器で作るスープやプリンを紹介したところたくさんの反響が[ENT]寄せられた。
62	BEFORE	初めて[UNK]する人や男性にも楽しんでもらおうと[ENT]考えました」[SEP]ご飯物や肉じゃがといった定番料理、おやつなど１０８品を収めた本は、「介護中なので料理から目を離せて助かる」「単身赴任の夫にと主婦層にも贈った」評価されていると[ENT]いう。
63	VAGUE	「炊飯器に[ENT]おまかせ[UNK][SEP]（文化出版局）を[ENT]出したのは、スタイリストの阿部剛子さん（２９[UNK]
64	AFTER	（文化出版局）を[ENT]出したのは、スタイリストの阿部剛子さん（２９[UNK][SEP]出産後の手伝いにきた母親が炊飯器でおでんを作ったのを見て[ENT]開眼した。
65	BEFORE	出産後の手伝いにきた母親が炊飯器でおでんを作ったのを見て[ENT]開眼した。[SEP]シチューや韓国料理の参鶏湯など３６品を[ENT]紹介している。
66	VAGUE	米の上に具を[ENT]並べる濱田美里さん。[SEP]「ジャガイモやニンジンは皮も＝東京都内でおいしく[ENT]食べられます」
67	VAGUE	「ジャガイモやニンジンは皮も＝東京都内でおいしく[ENT]食べられます」[SEP]専用機能付きも登場「保温」の利用は[ENT]減る
68	OVERLAP	こうした裏ワザ料理について、大半の家電メーカーは「本来の用途ではないのでとの立場。[ENT]お勧めしない」[SEP]だが、付加価値として調理専用コースをつけた製品を開発するところも[ENT]ある。
69	OVERLAP	だが、付加価値として調理専用コースをつけた製品を開発するところも[ENT]ある。[SEP]タイガー魔法瓶は昨年９月、パン焼き機能つきのＩＨ（電磁誘導加熱）炊飯ジャーを[ENT]出した。
70	AFTER	生地をこねるのは手作業だが、発酵と焼きあげが自動で[ENT]できる。[SEP]これまでの炊飯器は「ご飯のおいしさ」を追究し、２４時間保温しても味が落ちないまでに機能が[ENT]進化した。
71	BEFORE	これまでの炊飯器は「ご飯のおいしさ」を追究し、２４時間保温しても味が落ちないまでに機能が[ENT]進化した。[SEP]が、「と同社東京支店の小谷勝利さん。いまは８割の人が残りご飯を[ENT]冷蔵・冷凍してしまい、炊飯器の出番は少ない」
72	BEFORE	そこで、炊飯器に活躍の場を、と消費者調査で作りたい料理の上位に挙がった「パン」を[ENT]取り入れた。[SEP]「（東京のヨドバシカメラ新宿西口本店）など店頭でも３０、４０代の女性など、この機能を決め手に[ENT]選ぶお客さんも」好評だ。
73	BEFORE	三菱電機は昨年１１月、シチューやスープが作れる煮込み機能つきＩＨジャー炊飯器を[ENT]出した。[SEP]一度沸騰させた後はとろ火状態を保つので、味がしみて煮崩れしないと[ENT]いう。
74	BEFORE	１鶏もも肉１５０グラムを用意し、皮を数カ所竹ぐしで[ENT]つつく。[SEP]塩少々をふってしばらくおき、水分を[ENT]ふく。
75	BEFORE	塩少々をふってしばらくおき、水分を[ENT]ふく。[SEP]２ジャガイモ１個、ニンジン小１本を[ENT]洗い、大きければ皮ごと半分に。
76	BEFORE	２ジャガイモ１個、ニンジン小１本を[ENT]洗い、大きければ皮ごと半分に。[SEP]長ネギ半本を２、３等分に[ENT]切る。
77	BEFORE	長ネギ半本を２、３等分に[ENT]切る。[SEP]３フライパンにサラダ油少々を熱して鶏肉の皮にこげ色がつくまで弱火で焼き（中まで火を通さなくてよい[UNK]酒大さじ１を[ENT]ふる。
78	BEFORE	３フライパンにサラダ油少々を熱して鶏肉の皮にこげ色がつくまで弱火で焼き（中まで火を通さなくてよい[UNK]酒大さじ１を[ENT]ふる。[SEP]４米１合をといで普通に水加減をし、だし昆布５センチと塩少々を加え、野菜と肉をのせて[ENT]炊く。
79	BEFORE	４米１合をといで普通に水加減をし、だし昆布５センチと塩少々を加え、野菜と肉をのせて[ENT]炊く。[SEP]５炊けたら野菜を竹ぐしで刺してみて、硬ければ数分[ENT]保温する。
80	BEFORE	５炊けたら野菜を竹ぐしで刺してみて、硬ければ数分[ENT]保温する。[SEP]具を取り出して切り、ご飯と[ENT]盛りつける。
81	BEFORE	米大統領選の民主党指名争いで、３日行われた南部・南西部７州での予備選・党員集会の結果、オクラホマ州ではクラーク元北大西洋条約機構（ＮＡＴＯ）欧州連合軍最高司令官が、エドワーズ上院議員を振り切って[ENT]勝利した。[SEP]「ブッシュ[ENT]倒す」
82	BEFORE	７州のうち５州を制したケリー上院議員は３日夜、次の党員集会（今月７日）の舞台となるワシントン州シアトルで勝利宣言を[ENT]行った。[SEP]「。１１月にはジョージ・ブッシュを[ENT]倒すぞ」
83	AFTER	「。１１月にはジョージ・ブッシュを[ENT]倒すぞ」[SEP]数週間のうちに太くなり、貫禄すら漂わせ始めたケリー氏の声に、集まった支持者は歓声を[ENT]上げた。
84	OVERLAP	「（ブッシュ大統領は）国をまとめるどころか、[ENT]分裂させた。[SEP]長期化した海外派兵とごう慢な外交がさらに国を[ENT]弱らせている」
85	AFTER	石油のために中東で子供たちが死ぬことがないように[ENT]する」[SEP]と約束すると、会場から「ケリー、ケリー」と連呼が[ENT]起きた。
86	VAGUE	と約束すると、会場から「ケリー、ケリー」と連呼が[ENT]起きた。[SEP]一方、クラーク元北大西洋条約機構（ＮＡＴＯ）欧州連合軍最高司令官はオクラホマ州での勝利宣言で「軍事力にとブッシュ政権を訴えることは最後の手段であるべきで、選挙のための政治の道具ではない」[ENT]批判した。
87	BEFORE	パキスタンの核兵器開発技術漏えい疑惑で、イラン、リビア、北朝鮮への技術漏えいにかかわったとされる同国「核開発の父」アブドル・カディル・カーン博士は４日、ムシャラフ大統領と会談し、事件の責任を全面的に認め寛大な措置を[ENT]求めた。[SEP]漏えいは博士ら科学者個人の行為という政府の主張に沿うもので、大統領は近日中に博士の処分を決定し、漏えい疑惑に幕を引きたい意向と[ENT]みられる。
88	BEFORE	漏えいは博士ら科学者個人の行為という政府の主張に沿うもので、大統領は近日中に博士の処分を決定し、漏えい疑惑に幕を引きたい意向と[ENT]みられる。[SEP]しかしＡＰ通信が「ムシャラフ大統領も技術移転をと承知していた」報じるなど、依然として国の漏えい関与への疑念は残り、同国の核漏えい疑惑が[ENT]解消されるかは不透明だ。
89	BEFORE	政府筋は１日、地元有力紙などに博士がイラン、リビア、北朝鮮の３カ国への漏えいを認めたと非公式に明らかにしたが、４日の政府声明は漏えいの相手国については[ENT]触れていない。[SEP]イスラム教の「犠牲祭」の祝日明けの６日には、イスラム原理主義勢力が大規模な博士擁護の抗議行動を予定しており、ムシャラフ政権は事件の決着を急いだと[ENT]みられる。
90	OVERLAP	国民に謝罪したうえで「漏えいへの政府の関与はとない」[ENT]強調した。[SEP]しかし一部の国民や西側外交団の間では、軍や政府の関与なしに科学者個人が最高機密の核技術の持ち出しが可能かとの疑念が[ENT]残る。
91	AFTER	日本魚類学会は七日、オオクチバスなどのブラックバス類が、少なくとも四十三都道府県の七百六十一のため池や湖沼に侵入し、メダカやタナゴなどに被害を及ぼしているとのアンケート調査の結果を明らかに[ENT]した。[SEP]同学会が先月、全国の魚類、水生昆虫の研究者に、オオクチバスとコクチバス、ブルーギルによる在来生物への影響を[ENT]聞いた。
92	AFTER	ファッションからデザイン、食文化までイタリアの多彩な魅力を一堂に紹介する「イタリア・フェスティバルｉｎ東京ドーム」（読売新聞社主催）が、一月九―二十二日に[ENT]開かれる。[SEP]自慢の技や作品を披露するイタリアの“業師”を現地に訪ね、フェスティバルの見所を[ENT]語ってもらった。
93	AFTER	ワインで有名なキャンティ街道を抜け、オリーブ畑に囲まれた田園地帯のレストランで、ファヴァローロ・バルトロさん（２７）は、意外な言葉を[ENT]漏らした。[SEP]地中海のシチリア島に育ち、十二歳で料理の道を[ENT]志した。
94	BEFORE	地中海のシチリア島に育ち、十二歳で料理の道を[ENT]志した。[SEP]故郷のレストランで修業を積み、弱冠二十二歳でフィレンツェの名門ホテルのメーンシェフに[ENT]抜てきされたイタリア料理界の貴公子。
95	BEFORE	故郷のレストランで修業を積み、弱冠二十二歳でフィレンツェの名門ホテルのメーンシェフに[ENT]抜てきされたイタリア料理界の貴公子。[SEP]世界の著名料理人を紹介した米国の本にも今年、名前を[ENT]連ねた。
96	AFTER	世界の著名料理人を紹介した米国の本にも今年、名前を[ENT]連ねた。[SEP]実は[UNK]、兵庫県姫路市に開店したイタリア料理店に招かれ、約二か月間、日本に[ENT]滞在したことがある。
97	OVERLAP	実は[UNK]、兵庫県姫路市に開店したイタリア料理店に招かれ、約二か月間、日本に[ENT]滞在したことがある。[SEP]好奇心にまかせて市場や和食店にも足を[ENT]運び、異国の食文化をどん欲に吸収。
98	VAGUE	旬のホタルイカを使い、ハーブをきかせたパスタもレパートリーに[ENT]加えた。[SEP]休日、同僚たちと訪れた京都の木造建築の美しさに心を[ENT]奪われた。
99	BEFORE	創作料理を手がけたこともあったが、素材にこだわった結果、基本に[ENT]立ち返った。[SEP]濃くなりがちな味を軽めにし、自家菜園の野菜やハーブで彩りを[ENT]添える。
100	OVERLAP	と目を[ENT]輝かせた。[SEP]イタリアの伝統を守りながら多彩な料理を[ENT]つくりだすバルトロさん
101	BEFORE	二十二日午前三時ごろ、■■■■■■■■■■■■■■■■、医師■■■■さん（六四）方に外国人らしい男数人が押し入り、■■さんと妻の病院職員■■さん（五八）の顔や手足を粘着テープで縛り、金品を[ENT]奪って逃走。[SEP]約一時間後、■■さんは自力でテープをほどいて隣家に駆け込み[ENT]一一〇番通報した。
102	BEFORE	約一時間後、■■さんは自力でテープをほどいて隣家に駆け込み[ENT]一一〇番通報した。[SEP]四日市南署員が一階階段下で倒れている■■さんを見つけたが、間もなく死亡が[ENT]確認された。
103	OVERLAP	同県警捜査一課、同署などは特別捜査本部を設け、強盗殺人事件として[ENT]捜査している。[SEP]調べでは、犯人グループは一階玄関西側の和室窓ガラスを破って侵入、二階寝室で寝ていた■■さん夫妻を粘着テープで[UNK]後、一、二階を物色したと[ENT]みられる。
104	BEFORE	千葉北署は二十二日、大学生の長男を散弾銃で撃って殺害したとして殺人の現行犯で■■■■■■■■■■、同市役所職員■■■■容疑者（五〇）を[ENT]逮捕した。[SEP]■■容疑者は「長男の就職や相続のことで口論にとなり撃った」供述していると[ENT]いう。
105	AFTER	■■容疑者は「長男の就職や相続のことで口論にとなり撃った」供述していると[ENT]いう。[SEP]調べでは、■■容疑者は二十二日午前一時半ごろ、自宅一階の和室で、長男の日本大歯学部六年■■さん（二四）と口論になり、■■さんの右胸を散弾銃で一発撃って[ENT]殺害した疑い。
106	AFTER	■■さんは病院に運ばれたが間もなく[ENT]死亡した。[SEP]自宅にいた二男（一九）が「兄がと近所の民家に撃たれた」駆け込み、その家の男性が[ENT]一一九番した。
107	BEFORE	全同食全頭検査[ENT]経た８．２トン分[SEP]政府の牛海綿状脳症（ＢＳＥ）対策事業をめぐる牛肉偽装事件で、助成金を不正受給した全国同和食肉事業協同組合連合会（全同食）が、全頭検査を経て「安全」とされた国産牛肉についても、買い取り制度を悪用し助成金を受け取っていたことが[ENT]分かった。
108	BEFORE	政府の牛海綿状脳症（ＢＳＥ）対策事業をめぐる牛肉偽装事件で、助成金を不正受給した全国同和食肉事業協同組合連合会（全同食）が、全頭検査を経て「安全」とされた国産牛肉についても、買い取り制度を悪用し助成金を受け取っていたことが[ENT]分かった。[SEP]大阪府警捜査二課は、補助金適正化法違反の疑いで再逮捕した全同食専務理事で食肉大手「ハンナン」元会長、■■■容疑者（六五）らを同容疑で新たに[ENT]立件する方針。
109	BEFORE	同月末に発表された対策事業では「シロ」と[ENT]された牛肉は助成制度の対象外だった。[SEP]安全な国産牛まで市場に出さず、不正受給に利用した背景には当時、ＢＳＥ騒動で牛肉がだぶついていたことがあったと[ENT]みられる。
110	OVERLAP	安全な国産牛まで市場に出さず、不正受給に利用した背景には当時、ＢＳＥ騒動で牛肉がだぶついていたことがあったと[ENT]みられる。[SEP]調べなどによると、全同食は同年秋、全頭検査後の国産牛肉約八・二トンを買い上げ対象と偽って申請し、農畜産業振興事業団（現農畜産業振興機構）から、助成金を不正に受けた疑いが[ENT]持たれている。
111	AFTER	ユネスコ日本政府代表部の佐藤禎一大使がパリのユネスコ本部に締約受諾書を[ENT]提出した。[SEP]同条約は昨年十月のユネスコ総会で[ENT]採択された。
112	OVERLAP	条約締結国に国内の無形文化遺産の保護や目録の作成を求めるとともに、国際協力のための基金設置などを[ENT]盛り込んでいる。[SEP]条約締結国でつくる無形文化遺産保護のための委員会は「人類の無形文化遺産リスト」を策定し、代表的な無形遺産や緊急に保護する必要のある口承伝統などを[ENT]指定する。
113	OVERLAP	日本は世界に先駆けて無形文化財の保護に[ENT]取り組んでおり、二〇〇〇年の主要国首脳会議（九州・沖縄サミット）でユネスコによる世界の無形文化財保護を提唱。[SEP]同条約の採択に向けて主導的な役割を[ENT]果たしてきた。
114	AFTER	同時に「一つの中国政策は不変」とし、米政府の対中政策に変更はないと[ENT]表明した。[SEP]ＷＨＯは五月十八日、ジュネーブで開いた総会で台湾の総会へのオブザーバー参加問題を議題としないことを決め、オブザーバー参加を[ENT]認めなかった。
115	OVERLAP	台湾外交部は十五日、ブッシュ大統領が世界保健機関（ＷＨＯ）への台湾の参加を実現させるための法案に署名したことについて、歓迎声明を[ENT]発表した。[SEP]声明は、同大統領の法案署名へ歓迎と感謝を[ENT]表明し
116	BEFORE	ギリシャのリゾート買収に絡むイスラエルのシャロン首相の汚職疑惑で、同国のマズーズ検事総長は十五日、首相を証拠不十分で不起訴処分とすることを[ENT]決めた。[SEP]起訴されれば辞任を迫られることも予想されただけに、ガザ地区撤退などの推進に弾みが[ENT]つきそうだ。
117	AFTER	起訴されれば辞任を迫られることも予想されただけに、ガザ地区撤退などの推進に弾みが[ENT]つきそうだ。[SEP]首相は外相だった一九九八―九九年にかけ、ギリシャのリゾート買収で便宜を図る見返りに、息子を通じイスラエル人実業家から現金三百万ドルの支払いを約束された疑いが[ENT]持たれていた。
118	OVERLAP	ブッシュ米大統領は十五日、ホワイトハウスで訪米中のアフガニスタンのカルザイ大統領と首脳会談を[ENT]行った。[SEP]カルザイ大統領は、恒久政権樹立のため九月に予定している選挙に[ENT]向けた支援強化を要請。
119	OVERLAP	カルザイ大統領は、恒久政権樹立のため九月に予定している選挙に[ENT]向けた支援強化を要請。[SEP]アフガンでは、有権者登録など手続きの遅れや治安上の問題から、今年六月から九月への延期に続き、選挙が再延期される可能性が指摘されており、カルザイ大統領は米国の支援強化により、こうした懸念を払しょく、予定通りの選挙実現を[ENT]図りたい考えだ。
120	AFTER	国立大学や高専が民間企業から研究者や研究費を受け入れて行う共同研究が、１９９９年度は過去最高の３１２９件になったことが文部科学省の調べで[ENT]分かった。[SEP]前年度より５６１件多く、２割以上の増加に[ENT]なった。
121	AFTER	前年度より５６１件多く、２割以上の増加に[ENT]なった。[SEP][ENT]受け入れた大学などは１２１校で、民間企業からの研究者数は２２７１人（前年度比１４７人増）。
122	OVERLAP	ご意見[ENT]募集しています[SEP]ご意見などを住所・氏名・職業・年齢・電話番号明記のうえ〒１００‐８０５１（住所不要）毎日新聞教育取材班に[ENT]お寄せ下さい。
123	AFTER	一向に出口が見えない長期の不況、社会全体をおおう閉塞状況、重なる将来への不安など前世紀終盤から引き継いだ課題への各党の対応を、国民はどう[ENT]判断するか。[SEP]２１世紀最初の国政選挙の結果が大いに[ENT]注目される。
124	OVERLAP	野党第１党の民主党は２０日の定期大会で、参院選に向けて党の基本的スタンスを固め、政策の詰めを[ENT]行った。[SEP]しかし、本来目標とすべき自民、公明、保守３党による森喜朗政権打倒に向けての戦略、戦術は依然として明確には[ENT]なっていない。
125	OVERLAP	加えて、指摘されていた党内結束の弱さが大会でも[ENT]露呈された。[SEP]１９９３年の細川護[UNK]政権誕生以来、わが国ではここ１０年近く連立政権時代が[ENT]続いている。
126	OVERLAP	１９９３年の細川護[UNK]政権誕生以来、わが国ではここ１０年近く連立政権時代が[ENT]続いている。[SEP]１党だけで政権を担当できるに十分な支持を得られず、大半は自民党が比較第１党の立場をてこに、パートナーを取り換え、与党の座を[ENT]確保してきた。
127	BEFORE	１党だけで政権を担当できるに十分な支持を得られず、大半は自民党が比較第１党の立場をてこに、パートナーを取り換え、与党の座を[ENT]確保してきた。[SEP]今回の参院選で民主党をはじめとする野党陣営が逆転、多数派となったとしたら、政局は大いに[ENT]流動化する。
128	AFTER	自公保連立政権は続くにしても、参院で少数与党と[ENT]なると法案成立はままならない。[SEP]当然のことながら連立の組み替え、衆院の早期解散という事態も十分[ENT]考えられる。
129	OVERLAP	当然のことながら連立の組み替え、衆院の早期解散という事態も十分[ENT]考えられる。[SEP]それだけに、民主党の参院選への戦略、戦術は一層[ENT]重要視されている。
130	OVERLAP	それだけに、民主党の参院選への戦略、戦術は一層[ENT]重要視されている。[SEP]党大会で鳩山由紀夫代表は「前回の参院選がホップなら、と力説。昨年の総選挙はステップ、７月の参院選はジャンプ台に[ENT]しなくてはならない」
131	AFTER	と参院選のための政策草案も提起され、２月中には詰めることが[ENT]了承された。[SEP]世論調査を見る限り、民主党の最大の特徴は、国政レベルでの選挙戦前後は高い支持率となるが、その後は漸減傾向に入り、時として１０％を[ENT]割り込むこともあった（本紙調査）。
132	AFTER	財務省が９日発表した４月末の外貨準備高は３６２６億１１００万ドルとなり、前月末に比べ１１億３９００万ドル増と、３カ月ぶりにプラスに[ENT]転じた。[SEP]外国為替市場でユーロが対ドルで上昇したことに伴い、ユーロ建て資産が[ENT]増えたことが主因。
133	BEFORE	外国為替市場でユーロが対ドルで上昇したことに伴い、ユーロ建て資産が[ENT]増えたことが主因。[SEP]国際通貨基金（ＩＭＦ）が[ENT]集計した国際比較では、日本が１７カ月連続で世界一。
134	BEFORE	松下精工は９日までに出荷直前のわずか１０分間で、細菌やカビなどの個数を数え、食材の汚染を調べる「微生物計量システム」＝写真＝を[ENT]開発した。[SEP]食品工場向けなどに今年１２月に[ENT]商品化する。
135	VAGUE	食品工場向けなどに今年１２月に[ENT]商品化する。[SEP]大腸菌や黄色ブドウ球菌などの細菌を蛍光染色し、特殊な発光ダイオード（ＬＥＤ）で照らして、画像をパソコンで[ENT]解析する仕組み。
136	VAGUE	大腸菌や黄色ブドウ球菌などの細菌を蛍光染色し、特殊な発光ダイオード（ＬＥＤ）で照らして、画像をパソコンで[ENT]解析する仕組み。[SEP]高価な顕微鏡やレーザーを使用しないため、価格は１００万円程度に抑えられると[ENT]いう。
137	AFTER	[UNK]興銀、長プラ１．７５％に[ENT]下げ[SEP]日本興業銀行は９日、企業向け融資の基準金利となる長期プライムレート（優遇貸出金利）を現行より０．１％引き下げ、年１．７５％にすると[ENT]発表した。
138	BEFORE	日本興業銀行は９日、企業向け融資の基準金利となる長期プライムレート（優遇貸出金利）を現行より０．１％引き下げ、年１．７５％にすると[ENT]発表した。[SEP]１０日から[ENT]実施する。
139	AFTER	日本工作機械工業会が９日発表した２０００年度の工作機械受注額（確報値）は前年度比２７．７％増の９９７５億１３００万円と３年ぶりに[ENT]増加した。[SEP]国内景気の緩やかな回復を受け、内需が好調に[ENT]推移した。
140	BEFORE	国内景気の緩やかな回復を受け、内需が好調に[ENT]推移した。[SEP]同時に[ENT]発表した３月の受注額（確報値）は、８２８億３８００万円と前年同月比１．４％の微増。
141	BEFORE	二十一日午前四時ごろ、■■■■■■■■■■、ピアノ調律師（四九）方から長男（二一）が「父が腹をと切った」一一九番して[ENT]きた。[SEP]消防署から通報を受けた所沢署員が駆けつけると、調律師と妻（四九[UNK]母親（七三）が死んでおり、長女（二三）も頭などにけがをして病院に[ENT]運ばれた。
142	BEFORE	三階で寝ていた長男が悲鳴を聞いて同階の長女の部屋に行くと、長女が頭から血を流し、父親の調律師がハンマーを持って[ENT]立っていた。[SEP]長男が取り押さえたが、手が離れたすきに自分の胸を刃物で[ENT]刺した。
143	BEFORE	長男が取り押さえたが、手が離れたすきに自分の胸を刃物で[ENT]刺した。[SEP]同署は調律師が二人を殺害後に自殺した無理心中とみて動機などを[ENT]調べている。
144	BEFORE	二十一日午前十時五十分ごろ、名古屋市東区相生町の国道１９号交差点で、■■■■■、タクシー運転手■■■■さん（四七）が、乗客の男に殴られ、顔に軽いけがを[ENT]負った。[SEP]男は料金千六百円を払わずに逃げ、東署で強盗事件とみて行方を[ENT]追っている。
145	AFTER	三十代半ばで白っぽい服を[ENT]着ていた。[SEP]前夫が『[ENT]殺した』と自首
146	BEFORE	三重県伊賀町の山林に前妻の遺体を捨てたとして、三重県警捜査一課と上野署は二十一日、死体遺棄の疑いで、■■■■■■■■■■■■■■、新聞拡張員■■■■容疑者（二八）を[ENT]逮捕した。[SEP]■■容疑者は、前妻の殺害についても供述しており、同課は裏付けを[ENT]急いでいる。
147	AFTER	■■容疑者は、前妻の殺害についても供述しており、同課は裏付けを[ENT]急いでいる。[SEP]調べでは、■■容疑者は三月中旬、軽乗用車で伊賀町山畑の山林に来て、前妻の■■■■■■■■■■■■、無職■■■■さん（二八）の遺体を[ENT]捨てた疑い。
148	BEFORE	調べでは、■■容疑者は三月中旬、軽乗用車で伊賀町山畑の山林に来て、前妻の■■■■■■■■■■■■、無職■■■■さん（二八）の遺体を[ENT]捨てた疑い。[SEP]■■容疑者は二十日午後九時二十分ごろ、大阪府警八尾署に自首して[ENT]きた。
149	BEFORE	「慰謝料についてもめたので、現場近くの車中で殺し、草むらに[ENT]捨てた。[SEP]新聞で報道され、逃げ切れないと思って[ENT]自首した」
150	BEFORE	新聞で報道され、逃げ切れないと思って[ENT]自首した」[SEP]と供述しており、同課は殺害方法などについて詳しく[ENT]追及している。
151	AFTER	と供述しており、同課は殺害方法などについて詳しく[ENT]追及している。[SEP]■■さんは三月初旬ごろから連絡が取れなくなっており、同月十五日に家族から大阪府警守口署に家出人捜索願が[ENT]出されていた。
152	AFTER	■■さんは三月初旬ごろから連絡が取れなくなっており、同月十五日に家族から大阪府警守口署に家出人捜索願が[ENT]出されていた。[SEP]■■容疑者と■■さんは、一九九八（平成十）年に結婚、今年一月に[ENT]離婚していた。
153	BEFORE	トヨタ自動車とフランスのプジョー・シトロエン・グループ（ＰＳＡ）は二十九日、欧州で小型車を共同生産することで大筋[ENT]合意した。[SEP]近く基本合意の覚書を交わした上で、合弁会社を設立、二〇〇四年ごろに年間三十万台を[ENT]生産する見通し。
154	BEFORE	近く基本合意の覚書を交わした上で、合弁会社を設立、二〇〇四年ごろに年間三十万台を[ENT]生産する見通し。[SEP]欧州では[UNK]年に環境規制が強化されるため、巨額の開発費を両社で分担し、利幅の薄い小型車の大量生産で利益を[ENT]確保するのが狙い。
155	AFTER	欧州では[UNK]年に環境規制が強化されるため、巨額の開発費を両社で分担し、利幅の薄い小型車の大量生産で利益を[ENT]確保するのが狙い。[SEP]トヨタは一九八四年に米国のゼネラル・モーターズ（ＧＭ）と[ENT]合弁して以来、海外の主要メーカーとの本格的提携は二社目。
156	BEFORE	トヨタは一九八四年に米国のゼネラル・モーターズ（ＧＭ）と[ENT]合弁して以来、海外の主要メーカーとの本格的提携は二社目。[SEP]フォード・モーターとは昨年から環境分野をめぐる技術を中心に[ENT]交渉している。
157	AFTER	生産拠点はポーランドを中心に東欧で調整中で排気量一〇〇〇ｃｃクラスのガソリン車とディーゼル車を[ENT]生産する。[SEP]欧州の市場規模は年間約百五十万台で、両社で三十万台、シェア２０％を[ENT]目指す。
158	BEFORE	欧州の市場規模は年間約百五十万台で、両社で三十万台、シェア２０％を[ENT]目指す。[SEP]価格は六千ユーロ（日本円で約六十四万円）で調整しており、両社は完成車を、それぞれのブランドで[ENT]発売する。
159	BEFORE	経営責任に「例外」[ENT]認める[SEP]「私的整理に関するガイドライン研究会」の中間報告は、債権放棄をめぐる銀行、産業界の思惑の違いを微妙に反映し、債権放棄を受けた企業の経営者の退任を「原則」とするなど、玉虫色と言える内容に[ENT]なった。
160	BEFORE	それとも、「例外」を多用することで、これまでのように安易な債権放棄が[ENT]乱発されるのか―。[SEP]九月末に予定される最終報告が二つの路線のどちらを重視するかで、ガイドラインの意義は、まったく[ENT]異なってくる。
161	AFTER	安易な債権放棄は許さないという厳格な姿勢で[ENT]臨んだ。[SEP]既に債権放棄を[ENT]受けた大手ゼネコン（総合建設会社）ではその後、株価が額面割れのケースが続発。
162	BEFORE	既に債権放棄を[ENT]受けた大手ゼネコン（総合建設会社）ではその後、株価が額面割れのケースが続発。[SEP]経営再建が危ぶまれ、他のゼネコンからは「借金をとの批判も棒引きされた企業が身軽になって競争相手になるのは[ENT]許せない」強い。
163	VAGUE	一方、債権放棄を実施する側の銀行は、安易な債権放棄を否定しながらも、いざという時には使えるよう、ルールを柔軟に[ENT]設定する考え方だ。[SEP]巨額の融資を実施している企業が突然、法的整理されると、貸出金の大半が焦げ付き、銀行そのものの体力を[ENT]損ないかねない。
164	BEFORE	大沢悠里のゆうゆうワイド（ＴＢＳ＝前８・３０）竹下景子をゲストに迎え、夏に予定している舞台や家庭生活について話を[ENT]聞く。[SEP]サッカー・キリンチャレンジカップ２００２（ニッポン＝後７・００）日本とコスタリカの試合の模様を横浜国際総合競技場から中継で[ENT]届ける。
165	BEFORE	また、スペシャル企画なども[ENT]おくる。[SEP]杉紀彦のラジオ村（ラジオ日本＝後１０・３０）歌手生活４０周年の舟木一夫を迎え、同世代の人々へのエールを[ENT]おくる。
166	BEFORE	マリブ・マジカル・パッセージ（ＢＡＹＦＭ＝後０・００）１７日に新曲「ラブ・ユー」を発表する、ヒロをゲストに迎えて[ENT]おくる。[SEP]坂上みきのビューティフル（ＴＯＫＹＯＦＭ＝後１・００）テーマは「一人を。[ENT]極めよう」
167	BEFORE	買い物、楽器、ホテルでの一人泊まりなど、一人でできる非日常な体験を[ENT]提案していく。[SEP]ザ・ランキング〜デイリーヒッツ〜（ＦＭヨコハマ＝後７・３０）ゲストにヒロを迎えて[ENT]おくる。
168	OVERLAP	高田委員長は同日、Ｊ―浦和レッズ―柏レイソルのサテライト（二軍）戦を[ENT]視察した。[SEP]選手がサイドライン際やゴール前で激しくボールを奪い合った際、芝の表面が少し盛り上がる場面もあったが、昨年十一月の日本―イタリア代表戦のように、あちこちで芝がはがれピッチ上に穴があくような状況は[ENT]見られなかった。
169	AFTER	三、四月に入り芝の根が勢いよく伸びてきたことや、二月以降、同スタジアムを管理する埼玉県が芝の養生に努めたことが、改善につながったとの見方を[ENT]示した。[SEP]同協会は二月、森健児専務理事が同スタジアムを視察に訪れた際、芝の全面張り替えも視野に入れて改善に努めるよう、同県に異例の要請を[ENT]していた。
170	OVERLAP	十六日付の英紙「タイムズ」は、千人以上の英国サッカーファンがＷ杯期間中に出国禁止措置を受けると[ENT]報じた。[SEP]同紙によると、すでにサッカー応援に関連する犯罪歴があったり、警察当局が危険人物と認定した九百三十二人に対し、Ｗ杯開催の五日前までにパスポートを警察署に預ける命令が出ているが、さらに約二百人が同様の処置を受ける見込みだと[ENT]いう。
171	OVERLAP	同紙によると、すでにサッカー応援に関連する犯罪歴があったり、警察当局が危険人物と認定した九百三十二人に対し、Ｗ杯開催の五日前までにパスポートを警察署に預ける命令が出ているが、さらに約二百人が同様の処置を受ける見込みだと[ENT]いう。[SEP]約一万人の英国人がＷ杯でのイングランド戦応援のため来日すると[ENT]みられている。
172	AFTER	親が自殺した遺児の三人に一人が、「自分のせいでと自殺した」[UNK]経験があることが、副田義[UNK]・筑波大名誉教授（社会学）らが十六日に発表した「遺児の心の傷と癒やしに関する調査」結果で[ENT]わかった。[SEP]調査は昨年八月、遺児支援団体「あしなが育英会」による心のケア・プログラムに[ENT]参加した千五百二十五人に対し、アンケート方式で実施。
173	AFTER	調査は昨年八月、遺児支援団体「あしなが育英会」による心のケア・プログラムに[ENT]参加した千五百二十五人に対し、アンケート方式で実施。[SEP]阪神大震災や病気などで親を[ENT]亡くした高校生、大学生が対象で、うち自殺遺児は九十五人だった。
174	BEFORE	阪神大震災や病気などで親を[ENT]亡くした高校生、大学生が対象で、うち自殺遺児は九十五人だった。[SEP]亡くなった親への気持ち（複数回答）では、３３％が「自分のせいだとと回答。[ENT]思った」
175	BEFORE	亡くなった親への気持ち（複数回答）では、３３％が「自分のせいだとと回答。[ENT]思った」[SEP]遺児同士が親との死別体験を語り合う心のケア・プログラムの感想（同）については、自殺遺児の４８％が「近所や学校の友達にと言えないことを話した」答えており、その他の遺児（３７％）に比べ、親の死をなかなか他人に言い出せない実態が[ENT]浮かんだ。
176	BEFORE	三月に審査が行われ、海外作家賞にオランダのエドウィン・ズワックマンさん（三二[UNK]国内作家賞に森村泰昌さん（五一）＝大阪府＝、新人作家賞に尾仲浩二さん（四二）＝東京都＝、特別賞には夕張市の風間健介さん（四一）が[ENT]選ばれた。[SEP]授賞式で山田孝夫町長から四人に賞状が[ENT]贈られ、ズワックマンさんは
177	VAGUE	と[ENT]話していた。[SEP]虚実「鈴木宗男」を[ENT]追う
178	BEFORE	「場合によっては（所属する橋本派を）[ENT]出てもいいんだ。[SEP]他派閥からも引き抜いて三十人から五十人の新派閥を[ENT]つくることができるんだ」
179	AFTER	二〇〇一年四月の自民党総裁選を前に、党総務局長だった鈴木宗男が電話口でこう言い切って[ENT]みせた。[SEP]相手は、鈴木が総額一千万円を超える政治資金を[ENT]供与していた同派の若手衆院議員。
180	AFTER	野中が固辞して実現しなかったが、派閥を横断して議員の「面倒」を見てきた自信が、野中擁立のために橋本派分裂―新派閥結成さえいとわぬ、との言葉を[ENT]吐かせた。[SEP]鈴木が代表を務めた自民党支部や資金管理団体が一九九八―二〇〇〇年の三年間、寄付金、陣中見舞いなどの名目で[ENT]資金提供した国会議員、地方議員、首長は総勢百二十二人。
181	OVERLAP	鈴木から資金供与を受けた派閥横断の「ムネムネ会」のメンバーも[ENT]含まれている。[SEP]提供額上位十人には、橋本派以外の議員が四人[ENT]いた＝表参照＝。
182	BEFORE	橋本が代表を務める「平成研究会」が二〇〇〇年に開いたパーティー券を二十万円以上購入した企業や個人、団体計五十三のうち二十六は、一九九五―二〇〇〇年に鈴木に[ENT]献金したことがある企業と個人。[SEP]鈴木からの働きかけがあったと[ENT]みる向きが強い。
183	AFTER	鈴木からの働きかけがあったと[ENT]みる向きが強い。[SEP]購入額も千七百五十四万円と、合計額三千三百六十四万円の５２％に[ENT]達していた。
184	OVERLAP	資金提供を受けた道議は一九九八年に八人だったが、統一地方選のあった九九年には十三人に[ENT]増え、二〇〇〇年も十三人。[SEP]一人当たりの提供額も一九九八年の五十万円から九九年は百七十三万円に[ENT]増えた。
185	BEFORE	人々は歓声をあげながら踊り、米兵に花を投げたと[ENT]いう。[SEP]１７・１６（１２・１６）バグダッドで、「米英軍の爆撃をとロイター通信。受けた五輪委員会ビル、周辺の運動用品店などを群衆が襲い、略奪を[ENT]始めた」
186	BEFORE	罪のない記者が次々死ぬのを見ると、戦争の意図がクリーンではないことがよく[ENT]分かる」[SEP]と[ENT]話した。
187	BEFORE	と[ENT]話した。[SEP]１９・００神戸市中央区のＪＲ三ノ宮駅前で、イラク戦争が始まった３月２０日から毎日交代で街角アピールを続けている「ＫＯＢＥピースｉネット」のメンバー９人が、ギターの生演奏などで平和を[ENT]訴えた。
188	OVERLAP	１９・００神戸市中央区のＪＲ三ノ宮駅前で、イラク戦争が始まった３月２０日から毎日交代で街角アピールを続けている「ＫＯＢＥピースｉネット」のメンバー９人が、ギターの生演奏などで平和を[ENT]訴えた。[SEP]「戦争やめて」「ＮＯＷＡＲ」などと書いた紙コップの中にロウソクが[ENT]立つ。
189	OVERLAP	「この戦争はまだ[ENT]終わっていない。[SEP]フセイン政権の権力にしがみつく勢力から、まだ激しい抵抗が[ENT]ある」
190	BEFORE	と[ENT]述べた。[SEP]２０・１２（１５・１２）バグダッドで路上の遺体を収容しようとしていた赤十字スタッフが、米軍とイラク軍による交戦で被弾し、重傷を[ENT]負ったと赤十字国際委員会（ＩＣＲＣ）の報道官が発表。
191	OVERLAP	「今は衛星電話も含め、インターネット、無線など、バグダッドとは、すべての連絡手段が[ENT]断たれている。[SEP]現地からの連絡も[ENT]ない。
192	AFTER	医薬品を送る準備をしているが、バグダッドまでの陸路の安全が保証されれば、すぐにでも[ENT]向かう予定だ」[SEP]と[ENT]話した。
193	OVERLAP	「国境が開きしだい、すぐに[ENT]帰りたい。[SEP]戦争がというよりも、イラク政府自体が終わるのではないかなあ、という気が[ENT]している。
194	AFTER	もうすぐ家族に[ENT]会える」[SEP]と明るい声で[ENT]語った。
195	BEFORE	と明るい声で[ENT]語った。[SEP]２１・４０フセイン政権が崩壊状態になったことについて、英独仏３カ国を[ENT]訪問する川口外相は９日夜、成田空港で同行記者団に対し
196	BEFORE	バグダッドは完全に[ENT]陥落した」[SEP]（ロイター通信記者が、首都中心部のパレスチナ・ホテル周辺に多数の米軍戦車などが入ってきた様子をこう[ENT]形容した）
197	BEFORE	（ロイター通信記者が、首都中心部のパレスチナ・ホテル周辺に多数の米軍戦車などが入ってきた様子をこう[ENT]形容した）[SEP]２２・４５（１７・４５）バグダッド中心部の広場に大勢の市民が集まり、フセイン大統領の像をハンマーなどで[ENT]壊し始めた。
198	BEFORE	２３・０３（９・０３）チェイニー米副大統領が米・ニューオーリンズで「私たちはイラクの中央政権の崩壊を目の当たりにとしている」[ENT]演説した。[SEP]２３・０５（１８・０５）フセイン大統領がバグダッドのロシア大使館に避難しているようだと、カタールの衛星テレビ局アルジャジーラがインターネットで[ENT]報じた。
199	BEFORE	２３・０５（１８・０５）フセイン大統領がバグダッドのロシア大使館に避難しているようだと、カタールの衛星テレビ局アルジャジーラがインターネットで[ENT]報じた。[SEP]その後、ロシア外交筋はこの報道を[ENT]否定した。
200	BEFORE	その後、ロシア外交筋はこの報道を[ENT]否定した。[SEP]２３・４９（１８・４９）フセイン大統領の像が市民数百人の前で[ENT]倒された。
201	AFTER	２３・４９（１８・４９）フセイン大統領の像が市民数百人の前で[ENT]倒された。[SEP]作業が[ENT]難航し米軍が車両で手助け。
202	BEFORE	星条旗で顔を覆ったが、取り外した後、イラク国旗を首に[ENT]ぶらさげた。[SEP]倒壊の瞬間、大歓声が[ENT]上がった。
203	OVERLAP	国連安全保障理事会は９日午前１０時半（日本時間午後１１時半）から北朝鮮の核問題で非公式協議を[ENT]行った。[SEP]北朝鮮の核不拡散条約（ＮＰＴ）からの脱退宣言が１０日に９０日間の「脱退通告期間」切れとなるとされるのを受けた協議だが、安保理議長による非難声明を出すよう求めた米国に対し、中国が強く反対、具体的な対応策は[ENT]まとまらなかった。
204	BEFORE	北朝鮮の核不拡散条約（ＮＰＴ）からの脱退宣言が１０日に９０日間の「脱退通告期間」切れとなるとされるのを受けた協議だが、安保理議長による非難声明を出すよう求めた米国に対し、中国が強く反対、具体的な対応策は[ENT]まとまらなかった。[SEP]協議終了後、記者会見した議長国メキシコのジンセール国連大使は各国がこの問題について「懸念をと表明した」述べるに[ENT]とどまった。
205	BEFORE	理事国筋によると、協議ではネグロポンテ米国連大使が「国際社会の意思をと非難声明の必要性を示す必要がある」[ENT]訴えた。[SEP]これに対し、王英凡・中国大使は米朝間の交渉による解決を図るべきだという立場から、強く[ENT]反対した。
206	BEFORE	イラクはフセイン政権時代、軍備やインフラ整備のため、世界第二位の埋蔵石油を事実上の担保に[ENT]借りまくった。[SEP]債務総額は一千二百億ドルに[ENT]上る。
207	OVERLAP	また、債務問題のカギをにぎるパリクラブは、主権国家同士の取り決めを原則とするため、米軍主導のイラク占領が続く限り、実質的な交渉は[ENT]難しい。[SEP]このため、ドビルパン外相は「とさる十月のマドリード支援国会議のような、政治的再建を話し合う国際会議を開催してはどうか」[ENT]提言する。
208	OVERLAP	このため、ドビルパン外相は「とさる十月のマドリード支援国会議のような、政治的再建を話し合う国際会議を開催してはどうか」[ENT]提言する。[SEP]フセイン拘束は間違いなく米欧対立の“雪解け”のきっかけと[ENT]なりつつある。
209	OVERLAP	フセイン拘束は間違いなく米欧対立の“雪解け”のきっかけと[ENT]なりつつある。[SEP]仏政府関係者は「米国が多国間協力体制の確立にと本気かどうかを判断する上で、債務問題は格好の試金石」[ENT]見ている。
210	AFTER	イラク戦争に先立って公表された同国の大量破壊兵器に関する情報に疑問符が付いている問題で、ブッシュ米大統領は九日の閣議後に記者団に対し「大量破壊兵器開発計画がと自信をあったことを突き止められるものと間違いなく確信している」[ENT]表明した。[SEP]パウエル米国務長官も、前日の八日に出演した米ＦＯＸニュースの番組で、戦争前の二月に、国連安全保障理事会でイラクの大量破壊兵器[UNK]の機密情報を開示したことについて「と四日間、夜通しで精査したＣＩＡ（中央情報局）の情報だ」明かし「と今後、[UNK]の証拠が見つかることを確信している」[ENT]言明した。
211	AFTER	米国は[UNK]や（同兵器）開発に疑いの余地はないと考えているが、証拠を[ENT]見つけるにはもう少しの忍耐が必要」[SEP]と[ENT]述べた。
212	AFTER	ジャコビーＤＩＡ局長が記者会見で、報告書の存在を[ENT]認めたうえで[SEP]「一文節を抽出して[ENT]書いた報道。
213	AFTER	「一文節を抽出して[ENT]書いた報道。[SEP]フセイン政権の化学兵器の[UNK]や開発は[ENT]確信していた」
214	BEFORE	フセイン政権の化学兵器の[UNK]や開発は[ENT]確信していた」[SEP]と[ENT]反論した。
215	AFTER	と[ENT]反論した。[SEP]米紙ワシントン・ポストは、やはり先週、チェイニー副大統領がイラク戦争前に、ＣＩＡを頻繁に訪問、イラクの大量破壊兵器や国際テロ組織、アルカーイダの情報を収集していたと報じ「開戦と大量破壊兵器開発情報に整合性をと持たせるようにという無言の圧力を感じた」するＣＩＡ担当官の証言を[ENT]伝えている。
216	VAGUE	米上院軍事委員会のレビン議員（民主党）は同日、ＮＢＣテレビで、米国の威信にかかわる問題だとし「テロとの戦いで各国をと率いていくには、米国が表明することは事実であるという信頼が不可欠だ」して、議会での徹底究明を[ENT]訴えた。[SEP]民主党の大統領候補の一人、ゲッパート前下院院内総務は同日、大量破壊兵器開発の証拠発見はこれからだとの見解を示す一方、「ブッシュ大統領をはじめ、世界の指導者が偽情報をとも得ていたとしたら、驚くべきでっちあげだ」[ENT]指摘した。
217	VAGUE	民主党の大統領候補の一人、ゲッパート前下院院内総務は同日、大量破壊兵器開発の証拠発見はこれからだとの見解を示す一方、「ブッシュ大統領をはじめ、世界の指導者が偽情報をとも得ていたとしたら、驚くべきでっちあげだ」[ENT]指摘した。[SEP]上院情報委員会のロバーツ委員長（共和党）は同日、ＣＮＮテレビで、「現段階で、情報がどのようにと扱われたか議会が調査するのは時期尚早」し「問題がと民主党を政治利用されるとすれば非生産的」[ENT]批判した。
218	BEFORE	フセイン政権が[ENT]崩壊したことが重要で、大量破壊兵器開発の有無の確認も重要だが、根本的な問題ではない」[SEP]との見解を[ENT]示している。
219	AFTER	金泳三元韓国大統領に[ENT]聞く[SEP]韓国の金泳三元大統領＝写真＝が九日、東京都内で産経新聞とのインタビューに[ENT]応じた。
220	OVERLAP	札幌国税局によると、不況による接待需要の減少などから前年度比１１．８％も[ENT]減った。[SEP]バブル期を境に、高級酒が軒並み消費が落ちる中、[ENT]健闘しているのが、発泡酒やカクテルなどのリキュール類。
221	OVERLAP	バブル期を境に、高級酒が軒並み消費が落ちる中、[ENT]健闘しているのが、発泡酒やカクテルなどのリキュール類。[SEP]発泡酒は同２０．８％増の９６１３６キロリットル、リキュールは１２．０％増の１２４０９キロリットルに[ENT]上った。
222	BEFORE	発泡酒は同２０．８％増の９６１３６キロリットル、リキュールは１２．０％増の１２４０９キロリットルに[ENT]上った。[SEP]低価格志向とともに酒の好みの変化も[ENT]うかがえる。
223	VAGUE	低価格志向とともに酒の好みの変化も[ENT]うかがえる。[SEP]大人の道[ENT]外さないで
224	BEFORE	区が若者向けに[ENT]作成したガイドブック「ＭＡ（ま）・ＭＯ（も）・ＲＵ（る）・ＢＥ（べ）」を教科書に、区の職員が国民年金や選挙の仕組みを講義。[SEP]中でも、力を[ENT]込めたのはごみの出し方。
225	OVERLAP	中でも、力を[ENT]込めたのはごみの出し方。[SEP]「プラスチックと紙はと、別々にまとめて」具体的に[ENT]説明した。
226	OVERLAP	「プラスチックと紙はと、別々にまとめて」具体的に[ENT]説明した。[SEP]区内ではごみのポイ捨てが目立つことから、講師役の中央清掃事務所職員は「と、参加者に若いうちにモラルを身につけて」熱いまなざしを[ENT]送っていた。
227	VAGUE	区内ではごみのポイ捨てが目立つことから、講師役の中央清掃事務所職員は「と、参加者に若いうちにモラルを身につけて」熱いまなざしを[ENT]送っていた。[SEP]雪あかりの路を[ENT]写す
228	AFTER	第五回小樽雪あかりの路を開いた実行委は十日、イベントに合わせて募集した「愛のフォトコンテスト」の入賞作品八点を[ENT]発表した。[SEP]最高賞の「愛のフォト賞」には札幌市手稲区の原田敬裕さん（四七）の「幸せの灯火」＝写真＝が[ENT]選ばれた。
229	BEFORE	人の流れの少なくなった一瞬、トンネル内でキャンドルを手にそっとたたずむ女性の姿をとらえ、雪とキャンドルの明かりに[ENT]包まれた静かな情景が印象的。[SEP]実行委は「と、原田さんらの作品を以前は運河の写真が目立ったが視点が変わり、レベルも上がった」高く[ENT]評価している。
230	AFTER	東区役所はこのほど、子育ての親に役立つ情報を満載した「タッピー子育てガイド」＝写真＝の配布を[ENT]始めた。[SEP]このガイドは、核家族化や少子化が進む中で、子育てに役立つ情報をまとめて父母を応援しようと[ENT]作った。
231	OVERLAP	このガイドは、核家族化や少子化が進む中で、子育てに役立つ情報をまとめて父母を応援しようと[ENT]作った。[SEP]東区のマスコットである「タッピー」をあしらい、親しみやすく[ENT]した。
232	VAGUE	東区のマスコットである「タッピー」をあしらい、親しみやすく[ENT]した。[SEP]保健センターや児童会館などの窓口案内、子供と一緒に楽しめる公園紹介などのほか、子育てについてのＱ＆Ａも[ENT]掲載され、盛りだくさんの内容だ。
233	BEFORE	二〇〇四年度の与党税制改正大綱で、住宅ローン減税を今年入居なら昨年入居と同規模に据え置く一方、来年以降の入居分から段階的に縮小することが[ENT]打ち出された。[SEP]入居時期によって減税額が実際にどの程度違うのか[ENT]検証してみよう。
234	BEFORE	その結果、減税の最大額は八年目までが各四十万円、九、十年目が各二十万円で、十年間合計三百六十万円に[ENT]減る。[SEP]二〇〇六年以降の入居では、ローン残高の上限の引き下げなどで減税額がさらに減り、二〇〇八年入居では十年間の減税総額が最高百六十万円に[ENT]なる。
235	BEFORE	借入額が三千万円の場合を少し詳しく[ENT]見てみよう。[SEP]年末のローン残高は借り入れた月によって違うが、九年目が二千四百万円前後、十年目が二千三百万円前後なので、減税額の違いは九、十年目とも十二万円程度、二年で二十四万円程度に[ENT]なる。
236	OVERLAP	前年同期より０・５％上昇したが、これは都心部の高額物件が増えた影響が大きく、郊外を中心に下落傾向は[ENT]続いている。[SEP]減税額だけに目を向けて、年内に入居できる物件を、と[ENT]焦る必要は乏しい。
237	VAGUE	減税額だけに目を向けて、年内に入居できる物件を、と[ENT]焦る必要は乏しい。[SEP]金利にも注意しながら、慎重に物件、購入時期を[ENT]判断したい。
238	VAGUE	ローンを組んで住宅を[ENT]購入した人が対象で、購入後６か月以内の入居や、床面積５０平方メートル以上などの条件がある。[SEP]今年入居分は減税額が最高で年２５万円、６年間で１５０万円に縮小され、来年入居からは減税措置がなくなる予定だったが、昨年末の与党税制改正大綱で、今年入居分は昨年までの減税が延長され、２００５年入居から段階的に縮小することが[ENT]打ち出された。
239	OVERLAP	早速、ＨＰを[ENT]開設している「インディペンデントファクトリーフクオカ」（中央区）へ。[SEP]現場責任者の大木聡美（三二）は「予想以上に、韓国の若者の目は福岡にと向いている」[ENT]語る。
240	OVERLAP	ＨＰを見て福岡を訪れた韓国の若者と一緒に買い物を楽しみ、ライブに[ENT]出かけることもある。[SEP]ネットの世界にとどまらず「のだ。気軽に顔を合わせられる近さが[ENT]ある」
241	OVERLAP	ネットの世界にとどまらず「のだ。気軽に顔を合わせられる近さが[ENT]ある」[SEP]天神のラジオ局「ＬｏｖｅＦＭ」でアジアを紹介する番組を[ENT]作っている営業制作部長、坂田隆史（四四）も、同意見だ。
242	VAGUE	天神のラジオ局「ＬｏｖｅＦＭ」でアジアを紹介する番組を[ENT]作っている営業制作部長、坂田隆史（四四）も、同意見だ。[SEP]「耳にしたことがない言葉の歌には違和感が[ENT]残る。
243	AFTER	坂田は、音楽市場としての可能性をアジアに[ENT]感じている。[SEP]昨年十月から二カ月間、アジア六カ国・地域を回り、中国で出会った無名の日本人ミュージシャンの話に[ENT]驚いた。
244	AFTER	昨年十月から二カ月間、アジア六カ国・地域を回り、中国で出会った無名の日本人ミュージシャンの話に[ENT]驚いた。[SEP]「これまでのライブで、四億人が歌を。[ENT]聴いてくれた」
245	BEFORE	「これまでのライブで、四億人が歌を。[ENT]聴いてくれた」[SEP]中国の音楽関係者は[ENT]言った。
246	AFTER	中国の音楽関係者は[ENT]言った。[SEP]「新人のＣＤは二千万枚。[ENT]売れた」
247	OVERLAP	「。巨額の宣伝費に頼るメジャー（大手レコード会社）の手法でなくても福岡の音楽を広める道は[ENT]ある」[SEP]そんな思いを坂田は強く[ENT]する。
248	BEFORE	「アジアに目を。向けなければ、福岡に本社を[ENT]置く意味がない」[SEP]アーティスト発掘、売り込みの拠点として年内に中国・上海にライブハウスを[ENT]開設する。
249	AFTER	アーティスト発掘、売り込みの拠点として年内に中国・上海にライブハウスを[ENT]開設する。[SEP]所属歌手のＭＥＬＡ（二二）＝福岡出身＝は「東京よりアジアでと、自作曲を韓国語にアレンジ。[ENT]ヒットしたい」
250	OVERLAP	九月発売予定のミニアルバムにも収録、十月には韓国のライブで[ENT]歌う。[SEP]今や、自宅のパソコンでも[ENT]レコーディングできる時代。
251	OVERLAP	今や、自宅のパソコンでも[ENT]レコーディングできる時代。[SEP]「東京で認められなくてもアジアで売れるアーティストが誕生すると[ENT]思う。
252	OVERLAP	「東京で認められなくてもアジアで売れるアーティストが誕生すると[ENT]思う。[SEP]東京を経由する必要は[ENT]ない」
253	VAGUE	ミュージシャンの動画制作を[ENT]チェックする「インディペンデントファクトリーフクオカ」の大木さん（奥）[SEP]韓国語にアレンジした歌詞を見ながら[ENT]歌うＭＥＬＡ
254	BEFORE	韓国語にアレンジした歌詞を見ながら[ENT]歌うＭＥＬＡ[SEP]「都市探究」シリーズ（週５回）へのご意見、ご感想を[ENT]お待ちしています。
255	OVERLAP	長崎県内の画家や陶芸家ら十二人による「が福岡市中央区大濠公園の市美術館で２００４[UNK]展」[ENT]開かれている。[SEP]カラフルな布を使ったインスタレーション（空間設置美術）から洋画、陶芸まで意欲的なアート空間に[ENT]なっている。
256	OVERLAP	４８年間の歴史に幕を下ろすことになった同ホールを[ENT]惜しむ落語会だ。[SEP]「三遊亭王楽の天狗道場・銀座編〜円楽と東西の若手達」と題して、三遊亭円楽と王楽のほか、桂つく枝、柳家三三が[ENT]出演する。
257	BEFORE	国立演芸場は毎年、大衆芸能の脚本の新作を[ENT]募集している。[SEP]優秀作は同演芸場の公演で[ENT]上演する。
258	AFTER	どこへ[ENT]行った中小企業対策[SEP]中小企業対策という言葉には、一種、正義感の響きが[ENT]あった。
259	BEFORE	中小企業対策という言葉には、一種、正義感の響きが[ENT]あった。[SEP]しかし今日では政治家でさえ口にすることが少なく[ENT]なってきた。
260	OVERLAP	しかし今日では政治家でさえ口にすることが少なく[ENT]なってきた。[SEP]最近の中小企業対策はベンチャービジネスや新規開業支援が中心となっていて、既存の中小企業対策は後回しになっているように[ENT]見える。
261	OVERLAP	最近の中小企業対策はベンチャービジネスや新規開業支援が中心となっていて、既存の中小企業対策は後回しになっているように[ENT]見える。[SEP]中小企業の宝庫である東大阪市の工場に囲まれた一角に、使命感にあふれた、普通には見過ごしてしまう中小の紙器・印刷専門のＳ社（資本金１８００万円、従業員約２０人）が[ENT]活動している。
262	OVERLAP	中小企業の宝庫である東大阪市の工場に囲まれた一角に、使命感にあふれた、普通には見過ごしてしまう中小の紙器・印刷専門のＳ社（資本金１８００万円、従業員約２０人）が[ENT]活動している。[SEP]中心業務は化粧品、菓子用などの化粧箱製作であるが、２０００年からテークアウト用弁当などのリサイクル容器の製造販売に[ENT]乗り出している。
263	AFTER	紙容器の内側にフィルムが敷いてあり、食後は分別して紙容器を回収、それを再生紙としてリサイクルする仕組みを[ENT]確立している。[SEP]これを開発するきっかけは、同社社長が湾岸戦争の映像を見て地球環境の大切さを[ENT]痛感したからである。
264	BEFORE	これを開発するきっかけは、同社社長が湾岸戦争の映像を見て地球環境の大切さを[ENT]痛感したからである。[SEP]現在、大学生協と組んだ全国各地の大学のほか、テークアウト店や野球場で[ENT]利用されているとのこと。
265	OVERLAP	現在、大学生協と組んだ全国各地の大学のほか、テークアウト店や野球場で[ENT]利用されているとのこと。[SEP]販売額は総売上高の１割程度ながら学生の環境問題への関心の高さに励まされ、この事業に誇りを持って[ENT]取り組んでいる。
266	OVERLAP	販売額は総売上高の１割程度ながら学生の環境問題への関心の高さに励まされ、この事業に誇りを持って[ENT]取り組んでいる。[SEP]こうしたことは、従来から積み重ねてきた技術、ノウハウをベースにしてはじめて可能であったと[ENT]いう。
267	BEFORE	米国株安を嫌気して安く[ENT]始まった。[SEP]その後は、中国の人民元切り上げが日本経済に与える影響を見極めようとするムードが強い中、為替相場が急速に円高ドル安に振れたため、電機や自動車株を中心にほぼ全面安の展開となり、[ENT]続落した。
268	BEFORE	この施設の屋上に、保護団体「リトルターン・プロジェクト」のメンバー１２人が、体長約３０センチのコアジサシそっくりの模型（デコイ）２００体を[ENT]設置した。[SEP]青空の下で汗ばみながら、砂利を掘って設置し終わると、スピーカーで鳴き声を[ENT]流す。
269	AFTER	青空の下で汗ばみながら、砂利を掘って設置し終わると、スピーカーで鳴き声を[ENT]流す。[SEP]作業中何度もコアジサシが上を[ENT]かすめた。
270	AFTER	プロジェクトの増田直也代表（５１）は「鳥たちは屋上にまでと追い詰められているんです」[ENT]話す。[SEP]３年続きで営巣したが、昨年は草が[ENT]茂った。
271	BEFORE	３年続きで営巣したが、昨年は草が[ENT]茂った。[SEP]延べ４５０人で刈り、３８体のデコイを初めて置いたが、裸地を好むコアジサシに[ENT]嫌われたか、巣は一つだけ。
272	BEFORE	延べ４５０人で刈り、３８体のデコイを初めて置いたが、裸地を好むコアジサシに[ENT]嫌われたか、巣は一つだけ。[SEP]このため、都とプロジェクトは、屋上７ヘクタールのほとんどの約６・２ヘクタールを営巣地にと川砂利やコンクリート片を敷き詰め、草が生えやすい細粒をほぼ[ENT]撤去した。
273	OVERLAP	コアジサシは今年も４月中旬から周辺で[ENT]確認されている。[SEP]小魚めがけて海にダイビングしたり、多摩川下流で羽を[ENT]休ませたり。
274	OVERLAP	小魚めがけて海にダイビングしたり、多摩川下流で羽を[ENT]休ませたり。[SEP]大都会の東京湾岸でも生活できる環境さえあれば、シギやチドリなど多くの鳥が集まり、たくましく[ENT]生きる。
275	OVERLAP	学校・学級通信を中学の先生が作るための講習会が７日、荒川区立諏訪台中で[ENT]あった。[SEP]ＮＩＥ（教育に新聞を）などに取り組む都中学校新聞教育研究会（越田清四郎会長）が総会に合わせて企画し、約２０人が[ENT]受講した。
276	VAGUE	ＮＩＥ（教育に新聞を）などに取り組む都中学校新聞教育研究会（越田清四郎会長）が総会に合わせて企画し、約２０人が[ENT]受講した。[SEP]全国新聞教育研究協議会の会長でもある鈴木伸男・町田第二中校長が「本文（記事）は全体の面積の６割ぐらいになどとポイントを解説。とどめないと、文字ばかりの印象に[ENT]なってしまう」
277	VAGUE	全国新聞教育研究協議会の会長でもある鈴木伸男・町田第二中校長が「本文（記事）は全体の面積の６割ぐらいになどとポイントを解説。とどめないと、文字ばかりの印象に[ENT]なってしまう」[SEP]参加者は専用ソフトを実際に使ってパソコンで新聞づくりに[ENT]挑戦した。
278	OVERLAP	参加者は専用ソフトを実際に使ってパソコンで新聞づくりに[ENT]挑戦した。[SEP]研究会はＰＴＡ広報紙や学校新聞などを作る際の問い合わせにも応じ、情報を[ENT]提供している。
279	OVERLAP	カラフルなジャングルジムがそびえる広場で、おもちゃの人形風の衣装を着けた役者たちが[ENT]駆け回る。[SEP]そんな遊び場のような舞台で、新約聖書のエピソードとキリストの後半生を描くロック・ミュージカルが[ENT]繰り広げられる。
280	AFTER	当時はベトナム戦争が泥沼化し、心のよりどころを求める若者たちが熱狂的に支持したと[ENT]いう。[SEP]今回は４年前に青井陽治が[ENT]演出した日本語版の再演。
281	OVERLAP	今回は４年前に青井陽治が[ENT]演出した日本語版の再演。[SEP]ヒッピー文化といった７０年代のにおいを抜き去り、登場人物の生き生きとしたやりとりを通して、作品に込められた普遍的なテーマを[ENT]浮き立たせた。
282	BEFORE	ヒッピー文化といった７０年代のにおいを抜き去り、登場人物の生き生きとしたやりとりを通して、作品に込められた普遍的なテーマを[ENT]浮き立たせた。[SEP]道化のメークを[ENT]施したジーザス（新納慎也＝写真中央）は、救世主というよりも歌のお兄さん風。
283	OVERLAP	「二人の兄弟」「種まきのたとえ」といった寓話を、幼児に教え諭すようにゲームを交えて楽しく[ENT]見せる。[SEP]新納をはじめ、ユダ役の大沢樹生、何役も[ENT]演じ分ける堀内敬子、宮川浩ら１７人の出演者の半分は青井演出の経験者。
284	AFTER	初演から３４年が過ぎてもなお戦火が絶えない時代に、彼らの叫びは心に[ENT]響いた。[SEP]新納と大沢は、ジーザスとユダの友情、裏切りを様々な伏線を敷きながら[ENT]演じていたが、全体の高揚感の中で埋没しがちだったのが惜しい。
285	AFTER	階級社会の枠を超えた自由民の存在や、波乱万丈の展開を、従来のスタイルでは観客や視聴者に分かりやすく[ENT]見せることが難しいからだろう。[SEP]だが、一般的には難点となるポイントも、劇団☆新感線にとっては格好の武器に[ENT]なる。
286	BEFORE	肥後の山奥から上京した松永誠一郎（堤真一＝写真左）は、いきなり“裏柳生”の侍たちと斬り合いに[ENT]なる。[SEP]そして誠一郎は、吉原の長老、幻斎（藤村俊二）から、色里の客人として[ENT]迎えられることになる。
287	AFTER	スケール雄大な隆慶一郎の世界を、脚本・中島かずき、演出・いのうえひでのりのコンビは、忠実かつ魅力的に[ENT]再現した。[SEP]古くからの新感線ファンは、ギャグが[ENT]無くなったことが寂しいかもしれない。
288	BEFORE	古くからの新感線ファンは、ギャグが[ENT]無くなったことが寂しいかもしれない。[SEP]もともとの時代劇ファンには、少し癖のある芝居が鼻に[ENT]つくかもしれない。
289	OVERLAP	エンターテインメントを熟知した作・演出の上で、俳優たちが的確に[ENT]配置されているからだ。[SEP]堤の誠一郎は、さわやかで力強く、勝山太夫の松雪泰子＝写真右＝は“滅びの美”を色っぽく[ENT]体現する。
290	OVERLAP	美容整形にスポットを当て、どれくらいの人が美容整形しているのか[ENT]調査する。[SEP]整形に１０００万円もかけた話や、最近の美容整形の値段なども[ENT]調べる。
291	VAGUE	一年水をあげたって草も[ENT]生えやしない」[SEP]「ブスとフケは。[ENT]うつるのよ」
292	OVERLAP	５０歳を過ぎてなぜかエステサロンに来た初恵（りり[UNK]）が、美しくなりたいという意思がないのに、トップアテンダントのサクラ（神田うの）が切れて、このセリフに[ENT]続いて[SEP]「女はフェロモンで[ENT]生きてんの。
293	OVERLAP	毎回、宇宙が診察する患者それぞれの人生が描かれるのも、ドラマに広がりを[ENT]与える。[SEP]第２話では、大会直前に腹部に異常が[ENT]見つかった女子校水泳部選手（栗山千明）の話。
294	BEFORE	第２話では、大会直前に腹部に異常が[ENT]見つかった女子校水泳部選手（栗山千明）の話。[SEP]突然現れた姉妹の末の妹陽世（ひよ）＝後藤＝は姉妹と仲良く[ENT]なれるのか、病気は？
295	OVERLAP	根本要がビデオジョッキーを務め、１９６０年代後半から８０年代前半のロックを[ENT]届ける。[SEP]曲はエアロスミスの「カム・トゥゲザー」、アイク＆ティナ・ターナーの「ゲット・バック」などを[ENT]おくる。
296	AFTER	財務省造幣局（大阪市北区）で貨幣セットの販売代金を管理していた男性職員（三〇）の行方がわからなくなり、代金約五百万円がなくなっていることが十五日までに[ENT]分かった。[SEP]同局は男性職員が着服したとみて四月、業務上横領容疑で大阪府警に[ENT]告訴している。
297	OVERLAP	同局は男性職員が着服したとみて四月、業務上横領容疑で大阪府警に[ENT]告訴している。[SEP]同局によると、男性は今年二月末から三月下旬にかけて、貨幣セットの販売代金一万八千三百円を着服した疑いで[ENT]刑事告訴された。
298	BEFORE	翌三十日は年に一度、貨幣セットの販売数と代金が合うかを[ENT]チェックする予定の日だった。[SEP]その後、男性職員が担当した貨幣セットの代金を調べたところ、約五百万円が不足していることが[ENT]わかった。
299	BEFORE	十五日午前二時半ごろ、東京都港区海岸の路上に女性二人が倒れているのを、落下音に気づいた近くの飲食店員が見つけ、[ENT]通報した。[SEP]近くのマンション（九階建て）の八、九階間の踊り場に、二人のものとみられるバッグとリュックが二個ずつ並べて置かれ、カバンの上に置かれた封筒の中に、二人分の筆跡で自分たちの思いや悩みなどを書き込んだ遺書のような内容をつづったルーズリーフ十一枚が[ENT]入っていた。
300	OVERLAP	「死ぬ理由は[ENT]ない。[SEP]あえて[ENT]いえば。
301	BEFORE	[ENT]疲れたから」[SEP]「などと生きてる理由はない」書かれていたと[ENT]いう。
302	OVERLAP	東京水上署は、二人は同時に投身自殺を図ったと[ENT]みている。[SEP]カバンの中にあった身分証明書などから、二人は福岡市立高校二年の女子生徒（一六）と、福岡県立高校二年の女子生徒（一七）と[ENT]判明した。
303	AFTER	カバンの中にあった身分証明書などから、二人は福岡市立高校二年の女子生徒（一六）と、福岡県立高校二年の女子生徒（一七）と[ENT]判明した。[SEP]二人は五月十二日に、それぞれ家族に「友人と一緒に東京見物にと行く」言って、福岡の自宅を[ENT]出ていた。
304	BEFORE	二人は五月十二日に、それぞれ家族に「友人と一緒に東京見物にと行く」言って、福岡の自宅を[ENT]出ていた。[SEP]二人の親は二人の関係を知らないと[ENT]話している。
305	BEFORE	奈良県警幹部らによる汚職事件にからみ、奈良県警捜査二課などは十五日、厚生年金の脱退一時金をだまし取ったと[ENT]して、奈良佐川元副社長、■■■■被告（五三）＝詐欺罪で起訴＝を詐欺などの容疑で再逮捕。[SEP]同社関連会社の元社長、■■■■被告（四八）＝同＝ら二人を公正証書原本不実記載などの容疑で[ENT]逮捕した。
306	AFTER	同社関連会社の元社長、■■■■被告（四八）＝同＝ら二人を公正証書原本不実記載などの容疑で[ENT]逮捕した。[SEP]調べでは、■■容疑者は同社の副社長だった平成十年十月ごろ、同社の従業員だった男性（五七）が退社する際、男性の厚生年金の脱退一時金約二十一万円を、男性に無断で開設した銀行口座に振り込ませ、その後、この口座から引き落とす手口で[ENT]だまし取った疑い。
307	BEFORE	舞台やテレビなどの出演を[ENT]経て、映画「ヤング・ハワイ」（１９６１年）のギジェット役で本格デビュー。[SEP]小柄な体とビキニ姿が人気を[ENT]呼んだ。
308	VAGUE	陸上の男子百メートルで高平慎士（旭大高）が１０秒６６で３位に入ったほか、男子ハンマー投げの野口裕史（函工）が５位、女子百メートルの北風沙織（恵庭北）が７位に[ENT]食い込んだ。[SEP]新種目の女子千五百メートルは池田恵美（京都・立命館宇治）が４分１６秒７４の高校新記録で[ENT]制した。
309	VAGUE	弓道は男子団体の斜里が決勝トーナメント２回戦に進出したが、女子個人の今橋美那子（岩西）は準決勝で[ENT]落選した。[SEP]相撲の個人は２年生の市原孝行（埼玉・埼玉栄）が高校横綱と[ENT]なった。
310	AFTER	周囲の予想を[ENT]覆したのは、ここぞという場面の集中力か。[SEP]ハードルも得意とするが、「上をと全道大会後、百メートル１本に[UNK]方に」[ENT]絞って練習。
311	BEFORE	ハードルも得意とするが、「上をと全道大会後、百メートル１本に[UNK]方に」[ENT]絞って練習。[SEP]予選で追い風参考ながら１０秒５３でトップ通過して「気分が楽に」なり、決勝は「。普通に走って普通に[ENT]終わった」
312	OVERLAP	予選で追い風参考ながら１０秒５３でトップ通過して「気分が楽に」なり、決勝は「。普通に走って普通に[ENT]終わった」[SEP]旭大高の斉藤登世彦監督は「と３年計画で四百メートル障害の選手に育てたい」[ENT]考えている。
313	OVERLAP	旭大高の斉藤登世彦監督は「と３年計画で四百メートル障害の選手に育てたい」[ENT]考えている。[SEP]中学３年の全国中学百十メートル障害で４位に入った力を持ち、百メートルはスピードをつけるための通過点と[ENT]いう。
314	BEFORE	しかし、その通過点で[ENT]出した見事な結果。[SEP]高平は「次は一番上をと意欲満々。[ENT]狙いたい」
315	AFTER	納得のいく投てきが[ENT]できなかったようだ。[SEP]出場者ランキングで４位に位置し、６１―６２メートル台を[UNK]って[ENT]臨んだ。
316	BEFORE	出場者ランキングで４位に位置し、６１―６２メートル台を[UNK]って[ENT]臨んだ。[SEP]熊本入り後の練習では５９メートル台をマークしていたが、それを[ENT]上回れず、「いつも本番にとポツリ。弱いんです…」
317	BEFORE	熊本入り後の練習では５９メートル台をマークしていたが、それを[ENT]上回れず、「いつも本番にとポツリ。弱いんです…」[SEP]「国体では目標の記録をと雪辱を残したい」[ENT]誓っていた。
318	AFTER	「目標は決勝にと、小さな顔が出ることだったので良かった」[ENT]ほころんだ。[SEP]昨年、長崎県で[ENT]行われた全国中学大会の覇者。
319	BEFORE	弓道個人の道内勢でただ１人準決勝に進んだ女子の今橋＝写真＝は、４射のうち２射を外し、決勝進出の８人には[ENT]残れなかった。[SEP]試合後は目を真っ赤にしながら「とできれば決勝まで行きたかったが、力以上のものは出せたし、満足しています」[ENT]話した。
320	AFTER	試合後は目を真っ赤にしながら「とできれば決勝まで行きたかったが、力以上のものは出せたし、満足しています」[ENT]話した。[SEP]前日の予選は４射とも的中させたが、この日は「と緊張してしまった」いうように１、２射目を立て続けに[ENT]外してしまった。
321	BEFORE	「ここまで来たのも[ENT]応援してくれた友達や部活の人たちのおかげ。[SEP][ENT]感謝しています」
322	OVERLAP	東海大四が、昨冬の全国選抜大会２回戦で敗れた土浦日大に[ENT]雪辱した。[SEP]試合終了のブザーとほぼ同時にフォワード木田がゴール下で決勝点を[ENT]決める劇的な勝利だった。
323	OVERLAP	試合は１点を[ENT]争う展開。[SEP]８２―８２と同点の終了５秒前に、相手にフリースローを与え「万事（永野監督）が、相手が２本ともミス。休すかと[ENT]思った」
324	BEFORE	８２―８２と同点の終了５秒前に、相手にフリースローを与え「万事（永野監督）が、相手が２本ともミス。休すかと[ENT]思った」[SEP]素早く木田にパスを回し試合を[ENT]決めた。
325	BEFORE	素早く木田にパスを回し試合を[ENT]決めた。[SEP]３回戦に向け、菅原主将は「と走り負けない試合をする」[ENT]意気込んでいた。
326	BEFORE	持ち味の粘り強くつなぐプレースタイルで道尚志の若松・小田桐組が快進撃を[ENT]見せた。[SEP]準決勝で、優勝した八戸工大一の[UNK]越・斎藤組にストレート負けを喫し、若松は悔しさをのぞかせながらも「ベスト４までと胸を行けたのは満足」[ENT]張った。
327	AFTER	準決勝で、優勝した八戸工大一の[UNK]越・斎藤組にストレート負けを喫し、若松は悔しさをのぞかせながらも「ベスト４までと胸を行けたのは満足」[ENT]張った。[SEP]この日は４回戦から準決勝まで計５試合を[ENT]戦い抜いた。
328	OVERLAP	この日は４回戦から準決勝まで計５試合を[ENT]戦い抜いた。[SEP]相手を圧倒する力強さはないが、「と小田桐が向かっていけた」振り返るように、自分たちから先に仕掛ける積極的な試合展開で、ラリーでは主導権を[ENT]握った。
329	AFTER	相手を圧倒する力強さはないが、「と小田桐が向かっていけた」振り返るように、自分たちから先に仕掛ける積極的な試合展開で、ラリーでは主導権を[ENT]握った。[SEP]団体戦で道尚志が３位に入った春の全国選抜大会では、１勝しか[ENT]できなかった。
330	BEFORE	団体戦で道尚志が３位に入った春の全国選抜大会では、１勝しか[ENT]できなかった。[SEP]その悔しさをバネに、２人は毎日約５キロの走り込みで脚力とスタミナを強化、昨年は初戦で敗退したインターハイで４強入りを[ENT]果たした。
331	BEFORE	その悔しさをバネに、２人は毎日約５キロの走り込みで脚力とスタミナを強化、昨年は初戦で敗退したインターハイで４強入りを[ENT]果たした。[SEP]準決勝後、あえて２人を厳しい口調で[ENT]しかった渡部監督は
332	AFTER	準決勝後、あえて２人を厳しい口調で[ENT]しかった渡部監督は[SEP]「ベスト４で満足して準決勝は精神的に受け身に[ENT]なっていた。
333	BEFORE	「ベスト４で満足して準決勝は精神的に受け身に[ENT]なっていた。[SEP]よくやったと言いたいが、まだ団体戦が[ENT]残っていますから」
334	BEFORE	男子バスケットボールのヤングメン（２１歳以下）世界選手権が３日、埼玉県のさいたまスーパーアリーナで[ENT]開幕した。[SEP]第１日は予選リーグ６試合を行い、Ｂ組の日本は米大陸予選１位のアルゼンチンに５６―９３で[ENT]敗れた。
335	OVERLAP	第１日は予選リーグ６試合を行い、Ｂ組の日本は米大陸予選１位のアルゼンチンに５６―９３で[ENT]敗れた。[SEP]開催国枠で初出場の日本は佐藤[UNK]（日体大）がチーム最多の１８得点を挙げたが、アルゼンチンの高さに[ENT]完敗した。
336	BEFORE	開催国枠で初出場の日本は佐藤[UNK]（日体大）がチーム最多の１８得点を挙げたが、アルゼンチンの高さに[ENT]完敗した。[SEP]日本は４日の第２戦でイスラエルと[ENT]対戦する。
337	BEFORE	さらに松中、城島、秋山が３者連続本塁打を浴びせ、この回に６点を[ENT]奪った。[SEP]二回にも小久保が３３号本塁打して３点を[ENT]加えた。
338	AFTER	日本ハムは岩本の乱調が[ENT]響いた。[SEP]５本塁打[ENT]放つも…投手力不足が露呈
339	BEFORE	５本塁打[ENT]放つも…投手力不足が露呈[SEP]勝つには[ENT]勝った。
340	BEFORE	３連敗を阻止し、首位近鉄とのゲーム差を１・５に[ENT]縮めた。[SEP]だが勝利の余韻どころか後味の悪さばかりが[ENT]残った。
341	AFTER	ため息交じりに重い口を[ENT]開いて[SEP]「はー、１３点[ENT]取ってなあ…。
342	BEFORE	「[ENT]１０勝したんだけどな…。[SEP]どうもエースとは[ENT]言えません」
343	OVERLAP	どうもエースとは[ENT]言えません」[SEP]と[ENT]嘆いた。
344	BEFORE	イスラエルのテルアビブで１７日に[ENT]発生した自爆テロの犠牲者３人のうち１人と、負傷者約４０人のうち７人がルーマニアからの出稼ぎ労働者だった。[SEP]自爆テロは、テロ抑止を理由に締め出されたパレスチナ人労働者の穴を海外からの出稼ぎに頼るユダヤ人国家の姿を改めて浮き彫りに[ENT]した。
345	BEFORE	自爆テロの舞台と[ENT]なったテルアビブの移民向け盛り場ネベ・シャアナン通り。[SEP]路上には犠牲者を悼む、ろうそくが置かれ、通行人が足を[ENT]止める。
346	AFTER	路上には犠牲者を悼む、ろうそくが置かれ、通行人が足を[ENT]止める。[SEP]「とルーマニア語の追悼文が昨日はあなたにほほ笑んだけれど、今日はさようならを言わなければいけない」[ENT]添えられていた。
347	AFTER	「とルーマニア語の追悼文が昨日はあなたにほほ笑んだけれど、今日はさようならを言わなければいけない」[ENT]添えられていた。[SEP]１７日夜、ルーマニア人の建築労働者、マノレさん（４６）はカフェで仲間とビールを[ENT]飲んでいた。
348	BEFORE	１７日夜、ルーマニア人の建築労働者、マノレさん（４６）はカフェで仲間とビールを[ENT]飲んでいた。[SEP]爆音に「何が。起きたか[ENT]分からなかった」
349	BEFORE	爆弾に仕込まれていたクギが[ENT]食い込んだのだ。[SEP]逃げる途中で[ENT]倒れた。
350	AFTER	逃げる途中で[ENT]倒れた。[SEP]首にもクギの直撃を[ENT]受けていた。
351	AFTER	首にもクギの直撃を[ENT]受けていた。[SEP]マノレさんは９９年７月、生まれ故郷のルーマニア北部ヤシを後に[ENT]した。
352	OVERLAP	イスラエル在留ルーマニア人６万〜７万人のうち、不法労働者は２万〜２万５０００人と[ENT]推計される。[SEP]イスラエルを目指すのは１９０年代の中東和平機運に乗り経済が成長した２地理的にも近く、約４０万人のルーマニア出身ユダヤ人社会が[ENT]ある―からだ。
353	OVERLAP	イスラエルを目指すのは１９０年代の中東和平機運に乗り経済が成長した２地理的にも近く、約４０万人のルーマニア出身ユダヤ人社会が[ENT]ある―からだ。[SEP]レストランの調理室で働くコンスタンティンさん（２６）のようにイスラエルに[ENT]来てから１年という短期滞在者も多い。
354	BEFORE	自治区封鎖でパレスチナ人がイスラエル本土で自由に[UNK]なくなったのに伴い、外国人労働者の比重が[ENT]増した格好だ。[SEP]だが、「もうテロにとコンスタンティンさんは退院後、故郷に巻き込まれるのはご免」[ENT]帰るつもりだ。
355	BEFORE	盗みを働くわけではないのだから外国人を[ENT]働かせればよい。[SEP]さもなくばイスラエルは働き手を失い、[ENT]破産してしまう」
356	AFTER	さもなくばイスラエルは働き手を失い、[ENT]破産してしまう」[SEP]と[ENT]主張する。
357	AFTER	と[ENT]主張する。[SEP]テロを受け、地元報道機関は外国人死傷者の境遇を報じ、同情を[ENT]集めた。
358	OVERLAP	ルーマニア政府は不法労働者の「合法化」を[ENT]目指し、イスラエル政府と交渉中だ。[SEP]「テロはパレスチナ人自身のためにも。[ENT]ならないのに…」
359	AFTER	イスラエルに居残って仕送りを続けるというマノレさんが病院のベッドで[ENT]つぶやいた。[SEP]「とルーマニア語で昨日はあなたにほほ笑んだけれど、今日はさようならを言わなければいけない」[ENT]書かれた追悼文＝１９日、テルアビブで
360	AFTER	だれもが目を[ENT]疑うような衝撃的な光景だった。[SEP]五輪オーバルで[ENT]開かれたスピードスケート男子五百メートルの一回目。
361	BEFORE	清水宏保選手の最大のライバルであるウォザースプーン選手が最終組でスタートを[ENT]切って、わずか５歩目だった。[SEP]左足つま先が氷を[ENT]削った。
362	BEFORE	左足つま先が氷を[ENT]削った。[SEP]つまずき、一九〇センチの体が[ENT]崩れ落ちた。
363	AFTER	つまずき、一九〇センチの体が[ENT]崩れ落ちた。[SEP]長野五輪で清水選手に敗れ、銀メダルに[ENT]甘んじてから四年。
364	BEFORE	長野五輪で清水選手に敗れ、銀メダルに[ENT]甘んじてから四年。[SEP]さらに安定感と強さを加えて、[ENT]迎えた勝負のとき。
365	BEFORE	さらに安定感と強さを加えて、[ENT]迎えた勝負のとき。[SEP]それが、一瞬にして戦いは[ENT]終わった。
366	BEFORE	それが、一瞬にして戦いは[ENT]終わった。[SEP]立ち上がり、ぼう然とした表情でゆっくり滑り始めたウォザースプーン選手の顔は、みるみる険しく[ENT]変化した。
367	BEFORE	立ち上がり、ぼう然とした表情でゆっくり滑り始めたウォザースプーン選手の顔は、みるみる険しく[ENT]変化した。[SEP]氷上に置かれたコースを仕切るポイントを悔しそうに[ENT]けり上げた。
368	AFTER	氷上に置かれたコースを仕切るポイントを悔しそうに[ENT]けり上げた。[SEP]先に滑った清水選手は思うようなタイムが[ENT]出なかった。
369	BEFORE	先に滑った清水選手は思うようなタイムが[ENT]出なかった。[SEP]フィッツランドルフ選手（米国）がトップタイムを出したものの、実力通りなら、この大柄なカナダ人が首位に躍り出るに違いないとだれもが[ENT]考えていた。
370	BEFORE	前世界記録保持者で、今季のワールドカップ（Ｗ杯）では、この種目６戦４勝という圧倒的な強さを[ENT]見せつけていた。[SEP]無念のレース後、報道陣へのコメントはなく、代わって[ENT]出されたコーチの談話には
371	AFTER	彼は[ENT]がっかりしている。[SEP]いい滑りをしてメダルを[ENT]望んでいたのだから」
372	BEFORE	いい滑りをしてメダルを[ENT]望んでいたのだから」[SEP]と[ENT]あった。
373	BEFORE	[ENT]勝負したかった」[SEP]と残念そうに[ENT]繰り返した。
374	AFTER	フィッツランドルフ選手も自分の結果に喜ぶより、練習仲間の悲劇に顔を[ENT]曇らせた。[SEP]「とても[ENT]見ていられない気持ちだった。
375	BEFORE	力を出し切って[ENT]敗れたわけではない。[SEP]敗者と[ENT]呼ぶには、あまりに残酷な幕切れだった。
376	AFTER	敗者と[ENT]呼ぶには、あまりに残酷な幕切れだった。[SEP]男子５００メートル１回目、スタート直後に[ENT]転倒したカナダのジェレミー・ウォザースプーン＝１１日、五輪オーバルで（田中健撮影）
377	AFTER	大学病院の入院医療費の計算方法が、４月以降、大きく[ENT]変わります。[SEP]これまでは、投薬や検査など診療行為の一つ一つの値段を[ENT]足した「出来高払い」でした。
378	BEFORE	これまでは、投薬や検査など診療行為の一つ一つの値段を[ENT]足した「出来高払い」でした。[SEP]今度は病気ごとに１日の医療費が決められた「包括払い」がかなりの部分を[ENT]占めることになります。
379	VAGUE	今度は病気ごとに１日の医療費が決められた「包括払い」がかなりの部分を[ENT]占めることになります。[SEP]これをきっかけに大学病院の医療も効率化を迫られ、一般病院にも影響が出る可能性が[ENT]あります。
380	BEFORE	病院の入院医療費の明細書には、こうした項目ごとに料金が[ENT]記載されているのが一般的だ。[SEP]これが４月以降の大学病院では「包括料金」と「出来高料金」の２区分で[ENT]表記されることになる。
381	BEFORE	病名は同じでも合併症の有無など病状によって治療費は違うので、病気の種類や治療法に沿って約２５００通りのパターンを[ENT]設けた。[SEP]今回は、このうち症例数が比較的多い１８６０通りの包括料金が[ENT]導入される。
382	OVERLAP	１日単価は入院期間が長くなるほど安くなるよう、３段階の設定に[ENT]なっている。[SEP]これに手術代など出来高分が１８０万円[ENT]加わり、医療費の合計は２５５万円。
383	BEFORE	これに手術代など出来高分が１８０万円[ENT]加わり、医療費の合計は２５５万円。[SEP]患者はこの１〜３割を[ENT]払う（所得に応じて上限がある[UNK]
384	AFTER	料金設定は全国一律だが、病院ごとに実際の料金は[ENT]違う。[SEP]外来患者の紹介率など病院の機能評価を反映した「係数」を[ENT]かけているからだ。
385	OVERLAP	外来患者の紹介率など病院の機能評価を反映した「係数」を[ENT]かけているからだ。[SEP]「係数」は前年の病院収入を維持できるような補正の意味合いも持ち、「当面の激変緩和措置」（厚労省）と[ENT]なっている。
386	BEFORE	ただ、これまでは検査や投薬など、自分が受けた医療行為の値段を請求書の明細欄で確認できたものが、包括料金に含まれて見えにくく[ENT]なる。[SEP]また、最初は軽い病気と診断されたのに、何カ月か入院するうちに重い病気と分かった場合、最初の月までさかのぼって重い病気に相当する医療費を精算払いしなければならなくなるなど、戸惑う例も[ENT]出てきそうだ。
387	BEFORE	急性心筋梗塞で心臓カテーテル手術（合併症なし、初回手術）、２５日[ENT]入院した場合[SEP]※１日あたり包括料金は、病気・治療方法ごとに入院期間が長引くほど減算に[ENT]なる形で設定。
388	BEFORE	白内障手術では平均３から・５日１６日まで４倍も差が[ENT]開く（厚生労働省調べ）。[SEP]新制度では、病気ごとに全大学病院の平均在院日数が明示され、それを超えると包括料金が減算と[ENT]なる。
389	AFTER	新制度では、病気ごとに全大学病院の平均在院日数が明示され、それを超えると包括料金が減算と[ENT]なる。[SEP]病院の収入が減るわけで、病院側が「入院日数をと横浜市立大学病院の原正道院長は短縮しようと努力することは間違いない」[ENT]言う。
390	OVERLAP	「確かに臓器移植など入院期間が長引く治療を行っていれば、平均在院日数は[ENT]延びる。[SEP]特に公立病院は市民病院としての要請も[ENT]あり、入院は長くなりがち。
391	BEFORE	これまでは、検査から診断・治療・回復まで、ずっと入院したままの例も珍しく[ENT]なかった。[SEP]しかし、今回の制度は「入院文化の変革」と東京医科歯科大病院の西岡清院長は[ENT]いう。
392	BEFORE	しかし、今回の制度は「入院文化の変革」と東京医科歯科大病院の西岡清院長は[ENT]いう。[SEP]検査が[ENT]終われば退院。
393	AFTER	検査が[ENT]終われば退院。[SEP]治療方針が決まったら再入院し、治療が終わればまたすぐ退院、となることが[ENT]想定されるからだ。
394	BEFORE	治療方針が決まったら再入院し、治療が終わればまたすぐ退院、となることが[ENT]想定されるからだ。[SEP]「患者さんにも新しい制度を理解していただかなければ[ENT]なりません」
395	BEFORE	「患者さんにも新しい制度を理解していただかなければ[ENT]なりません」[SEP]医療の質のチェックにも[ENT]つながる。
396	AFTER	医療の質のチェックにも[ENT]つながる。[SEP]包括化によって、病気のパターンごとの入院日数だけでなく、医療費の全国平均値も[ENT]示された。
397	BEFORE	包括化によって、病気のパターンごとの入院日数だけでなく、医療費の全国平均値も[ENT]示された。[SEP]「同じ条件なのにうちはなぜ、という検討がと北里大学病院の柿田章院長は可能になった」[ENT]いう。
398	BEFORE	「同じ条件なのにうちはなぜ、という検討がと北里大学病院の柿田章院長は可能になった」[ENT]いう。[SEP]「先端の検査機器を『念のため』に使うこともなかったとは[ENT]言えません。
399	AFTER	質を[ENT]評価するシステム必要[SEP]新制度は、不都合な点があれば１年以内にも[ENT]見直すことになっている。
400	OVERLAP	新制度は、不都合な点があれば１年以内にも[ENT]見直すことになっている。[SEP]差額ベッドや予約診療の要件緩和など保険外負担の徴収拡大は、今回は見送られたものの、引き続き検討課題とされ、将来認められる可能性も[ENT]ある。
401	OVERLAP	差額ベッドや予約診療の要件緩和など保険外負担の徴収拡大は、今回は見送られたものの、引き続き検討課題とされ、将来認められる可能性も[ENT]ある。[SEP]新方式の対象となる病院を大学病院以外にも広げるかどうか、という課題も[ENT]残っている。
402	BEFORE	「。当初案では、重症患者や救急患者の受け入れ実績を評価して、病院ごとの包括料金に差をつける構想だったが、結局は前年の収入を保証するための調整のみと[ENT]なってしまった」[SEP]前年実績が保証されるなら改善努力の意欲が[ENT]薄れる。
403	AFTER	前年実績が保証されるなら改善努力の意欲が[ENT]薄れる。[SEP]「患者の死亡率や再入院率など、質をと評価する仕組みを導入しないと、ただ入院日数を短くすればよくなり、ゆがんだものとなりかねない」[ENT]話す。
404	BEFORE	「患者の死亡率や再入院率など、質をと評価する仕組みを導入しないと、ただ入院日数を短くすればよくなり、ゆがんだものとなりかねない」[ENT]話す。[SEP]包括料金を患者に説明する際には、疾病グループに[ENT]言及せざるをえない。
405	AFTER	包括料金を患者に説明する際には、疾病グループに[ENT]言及せざるをえない。[SEP]「病名や合併症など、告知の問題をという課題も真剣に考えておかないと、患者にとっては不用意な告知となりかねない」[ENT]指摘している。
406	BEFORE	準備が整わない病院は最大３カ月の猶予が認められ、４月実施を[ENT]予定しているのは２８カ所。[SEP]外来診療は、従来通り出来高払いに[ENT]なる。
407	AFTER	外来診療は、従来通り出来高払いに[ENT]なる。[SEP]包括払い方式は、現在は老人医療など一部で[ENT]実施されているだけだ。
408	BEFORE	包括払い方式は、現在は老人医療など一部で[ENT]実施されているだけだ。[SEP]保険診療の中心となる出来高払いは、医師が必要と判断した治療を十分施せる半面、医療費が青天井で伸びる可能性が[ENT]ある。
409	BEFORE	日本水泳連盟は９日、世界水泳選手権（７月１３〜２７日、スペイン・バルセロナ）のシンクロナイズド・スイミングと飛び込みの代表計１５人を[ENT]発表した。[SEP]シンクロの立花美[UNK]、武田美保（ともに井村シンクロク）は、前回（０１年）福岡大会に続くデュエット連覇を[ENT]狙う。
410	AFTER	チームは８人中、北尾佳奈子（井村シンクロク）を除く７人が、前回銀メダルのメンバーと[ENT]なった。[SEP]飛び込みは前回の男子３メートル板飛び込みで銅メダルを[ENT]獲得した寺内健（ＪＳＳ宝塚）ら５人で、全員が連続出場。
411	BEFORE	飛び込みは前回の男子３メートル板飛び込みで銅メダルを[ENT]獲得した寺内健（ＪＳＳ宝塚）ら５人で、全員が連続出場。[SEP]競泳の代表は日本選手権（今月２２〜２７日、東京・辰巳）の終了後、水球の代表も今月中に[ENT]発表される予定。
412	OVERLAP	プレーオフ進出ジャズが[ENT]決める[SEP]全米各地で１１試合を行い、西カンファレンスで中西部地区のジャズが８位以内を確保し、プレーオフ進出を[ENT]決めた。
413	OVERLAP	全米各地で１１試合を行い、西カンファレンスで中西部地区のジャズが８位以内を確保し、プレーオフ進出を[ENT]決めた。[SEP]東カンファレンスはマイケル・ジョーダンが率いるウィザーズなどが残り３枠を[ENT]争っている。
414	OVERLAP	ＮＢＡのマイケル・ジョーダン（ウィザーズ）は８日、空席となった古巣ブルズのゼネラルマネジャーに就任する意向がないことを明らかに[ENT]した。[SEP]「個人的にはシカゴ（ブルズ）のことは関心が[ENT]ない。
415	OVERLAP	「個人的にはシカゴ（ブルズ）のことは関心が[ENT]ない。[SEP]ブルズ関係者と連絡も[ENT]取っていない」
416	BEFORE	ブルズ関係者と連絡も[ENT]取っていない」[SEP]と[ENT]話した。
417	AFTER	ゴルフの第６７回マスターズ・トーナメントは、日本時間１０日夜に第１日が[ENT]始まる。[SEP]早くも練習ラウンドでは観衆の大歓声がコースのあちこちで沸き、大会が開幕したような雰囲気に[ENT]なっている。
418	OVERLAP	早くも練習ラウンドでは観衆の大歓声がコースのあちこちで沸き、大会が開幕したような雰囲気に[ENT]なっている。[SEP]大会史上初の３連覇を狙うウッズは、８日、グリーン周りからのピッチショット、パッティングの練習に時間をかけ、「ガラスのグリーン」と呼ばれる速い転がりを[ENT]確かめていた。
419	OVERLAP	大会史上初の３連覇を狙うウッズは、８日、グリーン周りからのピッチショット、パッティングの練習に時間をかけ、「ガラスのグリーン」と呼ばれる速い転がりを[ENT]確かめていた。[SEP]「グリーンは（とウッズ。前日の雷雨で）少し遅く[ENT]なっているが、下りはやっぱり速い」
420	AFTER	ウッズが勝てば「全米ジュニア」、「全米アマ」の３連覇に[ENT]続く“世代９連覇”の偉業達成。[SEP]得意にしているコースとはいえ、天候により表情が大きく変わるグリーンをどこまで攻略できるかに[ENT]かかっている。
421	OVERLAP	女性排除[ENT]おかしい[SEP]○…ウッズが、マスターズを主催するオーガスタ・ナショナルＧＣが女性会員を受け入れていないことから[ENT]批判されている問題について発言。
422	OVERLAP	ただ、クラブの運営について１票を[ENT]持っているわけではない」[SEP]と[ENT]答えた。
423	BEFORE	阿部慎之助捕手が１８日の阪神９回戦（甲子園）の二回、下柳投手から左腕に死球を受け、そのまま試合から[ENT]退いた。[SEP]左前腕内側部[UNK]で骨には異常なしと[ENT]診断された。
424	AFTER	賞金１８００万円を[ENT]獲得した。[SEP]首位に２打差の４位でスタートした具は、５バーディー、１ボギーと地力を発揮し、今季初勝利を[ENT]挙げた。
425	OVERLAP	首位に２打差の４位でスタートした具は、５バーディー、１ボギーと地力を発揮し、今季初勝利を[ENT]挙げた。[SEP]前日首位に並んでいた木村敏美は、４年連続賞金女王を[ENT]目指す不動裕理とともに５位だった。
426	BEFORE	「眠れぬ夜」[ENT]越え雪辱[SEP]「絶対に勝ってやろうと乗り込んで[ENT]きた。
427	BEFORE	片山は昨年のこの大会、プレーオフで[ENT]敗れている。[SEP]「。悔しくて眠れない夜も[ENT]あった」
428	BEFORE	「。悔しくて眠れない夜も[ENT]あった」[SEP]だからこそ[ENT]狙っていた。
429	BEFORE	大会前には５回も練習ラウンドし、先週金曜日には５０００円を払って常用カートで[ENT]回った。[SEP]「という執念がこんなに準備して優勝を狙ったのは初めて」[ENT]実った。
430	AFTER	「という執念がこんなに準備して優勝を狙ったのは初めて」[ENT]実った。[SEP]前半はスコアが[ENT]伸びずパープレー。
431	BEFORE	前半はスコアが[ENT]伸びずパープレー。[SEP]「もうとだめだ」[ENT]あきらめた。
432	BEFORE	１２番では６メートルのバーディーパットを沈め、ガッツポーズも[ENT]飛び出した。[SEP]終盤はＳ・Ｋ・ホと並んだが、最終１８番ロングでバーディーを奪い、[ENT]逃げきった。
433	VAGUE	今大会中も２日目に汗を流し、２０ヤード近い飛距離アップを呼ぶなど効果を[ENT]発揮している。[SEP]「海外だったら、（この条件では）優勝スコアは２２、２３（アンダー）は[ENT]いっている。
434	OVERLAP	「海外だったら、（この条件では）優勝スコアは２２、２３（アンダー）は[ENT]いっている。[SEP]まだ上にはいっぱい[ENT]いる」
435	OVERLAP	まだ上にはいっぱい[ENT]いる」[SEP]７１回目を迎えた国内ツアー最古の大会を制し、プロ日本一の称号を得た３０歳は、まだまだ上を[ENT]目指す。
436	BEFORE	文学通じきずな[ENT]取り戻す[SEP]娘が芥川賞を[ENT]受賞した金原瑞人さん
437	AFTER	娘が芥川賞を[ENT]受賞した金原瑞人さん[SEP]「よりどころ見つけ[ENT]救われた」
438	BEFORE	「よりどころ見つけ[ENT]救われた」[SEP]不登校やリストカットを重ねた娘が芥川賞作家に[ENT]なった。
439	AFTER	長女は第百三十回芥川賞を[ENT]受賞したひとみさん。[SEP]父と娘は文学という共通の世界を手がかりに、きずなを[ENT][UNK]。
440	OVERLAP	「無理やり連れていくわけにも[ENT]いかなかった。[SEP]僕自身、一度も学校を面白いと思ったことはなかったから分かる気も[ENT]した」
441	AFTER	僕自身、一度も学校を面白いと思ったことはなかったから分かる気も[ENT]した」[SEP]そのころは大学の専任講師、助教授と[ENT]なった時期。
442	OVERLAP	論文や書評に[ENT]追われていた。[SEP]不登校の本を読み、知人に[ENT]相談していたのは専ら母親の千栄子さん（五二）だった。
443	BEFORE	研究のため家族四人そろって[ENT]渡米した。[SEP]不登校は相変わらずだったが、本に興味を[ENT]持ってくれた。
444	BEFORE	一緒に行動しようと自分が好きな舞台に連れ出すと、長時間のオペラを食い入るように[ENT]見つめていた。[SEP]帰国後、中学校の校長は「特別扱いはとできないが、卒業証書は出す」[ENT]言った。
445	OVERLAP	不登校に加え、何度となくリストカットも[ENT]繰り返す。[SEP]カウンセリングにも[ENT]通った。
446	BEFORE	そんな自分の気持ちを、書くことで[ENT]表現したかった」[SEP]とひとみさんは当時を[ENT]振り返る。
447	AFTER	とひとみさんは当時を[ENT]振り返る。[SEP]作品の評価を求めてきたひとみさんを大学の自分の創作ゼミに[ENT]誘った。
448	OVERLAP	ひとみさんの作品をわが子の文章という目で[ENT]見たことはない。[SEP]「心情描写など書きすぎる傾向が[ENT]ある。
449	OVERLAP	「心情描写など書きすぎる傾向が[ENT]ある。[SEP]要らない、削れと[ENT]言うことが多い」
450	OVERLAP	ひとみさんは「えー」と言いながらも「そうかー」と耳を[ENT]傾けた。[SEP]文章を書くことによって自分の存在意義を[ENT]探る娘。
451	OVERLAP	文章を書くことによって自分の存在意義を[ENT]探る娘。[SEP]父親は、分身とも言える作品を純粋に評価することで、その成長を[ENT]支えた。
452	BEFORE	「生理的痛みが[ENT]書き込まれた作品ばかりだが、読者として面白かった。[SEP]日本文学の流れの中にはなかったテイストがあり、かなりの異物が飛び込んで[ENT]きた感じ」
453	BEFORE	翻訳本の担当者と打ち合わせで「さあこれからというとき受賞の一報が飲むか」[ENT]入った。[SEP]会見場に駆け付け、後ろの壁際で[ENT]見守った。
454	BEFORE	会見場に駆け付け、後ろの壁際で[ENT]見守った。[SEP]会見後、ひとみさんと目が合い「おうっ」と声を掛けると、「おめでとうぐらいと、ひとみさんは言ってよ」最高の笑顔を[ENT]見せた。
455	AFTER	会見後、ひとみさんと目が合い「おうっ」と声を掛けると、「おめでとうぐらいと、ひとみさんは言ってよ」最高の笑顔を[ENT]見せた。[SEP]「娘は原稿用紙百六十枚で芥川賞だが、僕は百六十冊の翻訳本を[ENT]出版している。
456	AFTER	「幸せな子ども時代を過ごさせてやっていないという点で子育ては失敗だったと[ENT]思う。[SEP]ただ本に触れる環境を与えたことでよりどころを見つけた娘は[ENT]救われた。
457	OVERLAP	ひとみさんは実家から徒歩十分の所に彼氏と[ENT]暮らしている。[SEP]「とにかくとも生きていてくれさえすればいい」考えた時期に比べ、現在は「。精神的に[ENT]落ち着いている」
458	OVERLAP	「とにかくとも生きていてくれさえすればいい」考えた時期に比べ、現在は「。精神的に[ENT]落ち着いている」[SEP]気に入った本を紹介し合い、演劇にも一緒に[ENT]出掛ける。
459	VAGUE	大学生の長男、めいも[ENT]加わってにぎやかな一行。[SEP]ときには自宅で酒を[ENT][UNK]交わす。
460	OVERLAP	ときには自宅で酒を[ENT][UNK]交わす。[SEP]下戸の彼氏もコーラで[ENT]付き合う。
461	BEFORE	下戸の彼氏もコーラで[ENT]付き合う。[SEP]語らいは朝方まで続くこともあると[ENT]いう。
462	AFTER	国の温暖化対策ＣＯ２[ENT]減るの？[SEP]相殺効果も[ENT]含めた検証必要
463	AFTER	相殺効果も[ENT]含めた検証必要[SEP]温室効果ガス削減に向け、政府が決めた京都議定書の目標達成計画には様々な方策が[ENT]並んでいる。
464	AFTER	温室効果ガスを０８〜１２年に、９０年より６％[ENT]減らすのは国際公約。[SEP]達成計画には環境、経済産業、農林水産、国土交通、総務各省と警察庁の施策が[ENT]盛り込まれている。
465	BEFORE	国民生活に関係するものの中で効果が高いと[ENT]される施策が、経産省の「トップランナー基準による家電製品の省エネルギー効率向上」だ。[SEP]業界最先端の省エネ基準を満たす製品が市場に出て、消費者の買い替えが進めば、旧基準の製品との差が、そのままＣＯ２削減に[ENT]つながる。
466	AFTER	業界最先端の省エネ基準を満たす製品が市場に出て、消費者の買い替えが進めば、旧基準の製品との差が、そのままＣＯ２削減に[ENT]つながる。[SEP]「トップランナー基準」は、テレビ、冷蔵庫、エアコンなど１８機種に[ENT]設けられている。
467	OVERLAP	「集中制御の信号機導入」を[ENT]打ち出したのは警察庁。[SEP]多くの信号機は道路状況に関係なく、１機ごとに一定時間で[ENT]切り替わる。
468	BEFORE	多くの信号機は道路状況に関係なく、１機ごとに一定時間で[ENT]切り替わる。[SEP]これがしばしば渋滞を起こすため、１機ごとの制御をやめ、一定エリアの「面」で集中制御する方式に[ENT]する。
469	AFTER	これがしばしば渋滞を起こすため、１機ごとの制御をやめ、一定エリアの「面」で集中制御する方式に[ENT]する。[SEP]渋滞などをセンサーが感知し、信号の制御で流れがスムーズになれば、車の発進やアイドリングのエネルギー消費が抑えられると[ENT]いう。
470	AFTER	渋滞などをセンサーが感知し、信号の制御で流れがスムーズになれば、車の発進やアイドリングのエネルギー消費が抑えられると[ENT]いう。[SEP]埼玉県警が川口市の県道約７キロ区間で、０３年８月と、集中制御化後の０４年７月の交通量を比較調査したところ、１２時間の通行車両は約７６００台から約９１００台に増えたが、１台の停止回数は１０・６７回から７・１６回に[ENT]減った。
471	AFTER	「渋滞が緩和されると、交通需要を喚起し、車に乗る人が[ENT]増える。[SEP]一時的な効果はあっても、全体の交通量が増えて逆効果になる可能性も[ENT]ある。
472	BEFORE	と[ENT]指摘する。[SEP]出張・通勤[ENT]減れば３４０万トン分？
473	OVERLAP	このうち６５０万人が週２日、在宅勤務すると、鉄道や車の利用が減り、３４０万トンのＣＯ２を削減できると[ENT]いう。[SEP]テレワークは、子育て中の女性や身体障害者の就業機会拡大や一極集中の解消など様々な効果が[ENT]期待されており、温暖化対策はその中の一つ。
474	OVERLAP	「ＩＴ化進展は、これまで会う機会がなかった遠方の人と連絡でき、会わねばならない用事をつくる側面も[ENT]ある。[SEP]この事業で人の流れが増える可能性も[ENT]あるということだ」
475	AFTER	今回の達成計画には、批判を浴びて盛り込まれなかったものも[ENT]ある。[SEP]国土交通省が[ENT]予定していた「整備新幹線の整備」。
476	BEFORE	国土交通省が[ENT]予定していた「整備新幹線の整備」。[SEP]新幹線ができれば、乗用車を使っていた人が[ENT]利用する。
477	BEFORE	新幹線ができれば、乗用車を使っていた人が[ENT]利用する。[SEP]新幹線は車より１人当たりのエネルギー消費量が小さいからＣＯ２削減に[ENT]貢献する―という論理だった。
478	AFTER	新幹線は車より１人当たりのエネルギー消費量が小さいからＣＯ２削減に[ENT]貢献する―という論理だった。[SEP]だが、達成計画の内容について省庁側が説明する自民党の特別委員会などで「温暖化対策に名をと批判が集中、結局、計画には借りた悪のり」[ENT]入れなかった。
479	BEFORE	だが、達成計画の内容について省庁側が説明する自民党の特別委員会などで「温暖化対策に名をと批判が集中、結局、計画には借りた悪のり」[ENT]入れなかった。[SEP]ＷＷＦの担当者は、日本の達成計画について「計画全般にと言えるのは、部分的に見ると削減効果はあるものの、その裏に相殺する要素が出る施策が多いこと」語り、それぞれの施策の多面的な検証の必要性を[ENT]訴えている。
480	BEFORE	紫外線は南に行くほど強いのに、実際に[ENT]浴びた量は札幌市の小学生の方が那覇市の小学生より多い―。[SEP]そんな調査結果を国立環境研究所（茨城県つくば市）[UNK]・国際保健研究室の小野雅司室長らが、学会誌に[ENT]発表した。
481	AFTER	だが、札幌市の子が[ENT]あびた１平方メートルあたりの紫外線量は年３万９１１７ジュールだったのに、那覇市は年３万４５６８ジュールと少なかった。[SEP]調査は子どもの紫外線対策に[ENT]役立てようと札幌市、つくば市、東京都杉並区、宮崎県国富町、那覇市で実施。
482	BEFORE	調査は子どもの紫外線対策に[ENT]役立てようと札幌市、つくば市、東京都杉並区、宮崎県国富町、那覇市で実施。[SEP]那覇市の子は夏に外で[ENT]過ごす時間が５カ所の中で最短だった。
483	OVERLAP	午前９時〜午後３時に外に[ENT]いるのも年平均で２番目に短かった。[SEP]札幌市の子は同じ時間帯に外に[ENT]いるのが最長だった。
484	OVERLAP	札幌市の子は同じ時間帯に外に[ENT]いるのが最長だった。[SEP]それぞれ小学生４０人に、紫外線の強さによって変色するバッジを一日中つけてもらい、変色の程度と外で[ENT]過ごした時間を記録。
485	BEFORE	それぞれ小学生４０人に、紫外線の強さによって変色するバッジを一日中つけてもらい、変色の程度と外で[ENT]過ごした時間を記録。[SEP]これを季節ごとに１週間続け、年間紫外線量を[ENT]算出した。
486	BEFORE	これを季節ごとに１週間続け、年間紫外線量を[ENT]算出した。[SEP]調査時期は９４〜９５年だが、紫外線照射量はほとんど変わっておらず、調査環境は現在もほぼ同じと[ENT]いう。
487	BEFORE	調査時期は９４〜９５年だが、紫外線照射量はほとんど変わっておらず、調査環境は現在もほぼ同じと[ENT]いう。[SEP]大人になって皮膚のダメージに[ENT]悩まないためにも紫外線対策は必要。
488	AFTER	大人になって皮膚のダメージに[ENT]悩まないためにも紫外線対策は必要。[SEP]小野室長は「このと、改めて紫外線について１０年で、紫外線の悪影響は知られるようになったが、子どもへの対策はほとんど進んでいない」[ENT]訴えている。
489	BEFORE	「年齢にを重視、人事院の応じた処遇」「標準生計費」などを参考に給与体系を[ENT]見直した。[SEP]その結果、例えば２２歳大卒平均では本人給（年齢給）が約１３万円から約１５万円に増え、評価制度に基づく職能給は、約６万円から約３万５０００円に[ENT]減った。
490	BEFORE	その結果、例えば２２歳大卒平均では本人給（年齢給）が約１３万円から約１５万円に増え、評価制度に基づく職能給は、約６万円から約３万５０００円に[ENT]減った。[SEP]早川さんは「年功主義を中心に、能力主義もと加味した終身雇用制度を目指した」[ENT]説明する。
491	VAGUE	早川さんは「年功主義を中心に、能力主義もと加味した終身雇用制度を目指した」[ENT]説明する。[SEP]総合衣料品販売「しまむら」の人事部長、鮎澤厚洋さん（３９）は厳しく成果主義を[ENT]批判する。
492	OVERLAP	同社にも評価制度は[ENT]あるが、評価による給与格差は１割以内。[SEP]鮎澤さんは「大差がと付けば、やる気をなくす人も出てくるため」[ENT]いう。
493	OVERLAP	鮎澤さんは「大差がと付けば、やる気をなくす人も出てくるため」[ENT]いう。[SEP]対照的に成果主義を[ENT]徹底させているのが、外資系、とりわけ金融機関だ。
494	AFTER	同社は、評価を公平にするため１人を１５人が[ENT]評価する。[SEP]評価される側が評価者を[ENT]選ぶ。
495	BEFORE	評価や目標づくりに半年も[ENT]かけるわけだ。[SEP]「会社がそれだけ。膨大なコストをかけて公平な評価を目指すのは人材争奪戦に[ENT]勝つためなんです」
496	AFTER	「会社がそれだけ。膨大なコストをかけて公平な評価を目指すのは人材争奪戦に[ENT]勝つためなんです」[SEP]そういう渡辺さんも３年前に、国内金融機関から転職して[ENT]きたばかりだ。
497	BEFORE	第２部は東京経済部の大高和雄、塩谷英明、野原大輔が[ENT]担当しました。[SEP]この連載に対するご意見、情報を[ENT]お寄せください。
498	VAGUE	エミヤのように無理して平常を装う「やせがまん」も、これらの単語で意味が[ENT]通じるよ。[SEP]ニュースの数字[ENT]計算してみよう
499	AFTER	１月２、３日に開かれた第８１回箱根駅伝は、選手の層の厚さを見せつけた駒沢大が４年連続の総合優勝を[ENT]果たしました。[SEP]往路、復路あわせて計２１７．９キロ・メートルで駒沢大が[ENT]出したタイムは１１時間３分４８秒でした。
500	OVERLAP	１０人の走者は平均すると、１キロ・メートルを何分で[ENT]走ったことになるでしょう。[SEP]四捨五入して、距離は２２０キロ・メートル、タイムは１１時間で[ENT]計算してみましょう。
501	OVERLAP	１１時間で２２０キロ・メートルということは、１時間で[ENT]走った距離は２０キロ・メートル。[SEP]つまり、２０キロ・メートルを走るのに６０分[ENT]かかったということです。
502	OVERLAP	つまり、２０キロ・メートルを走るのに６０分[ENT]かかったということです。[SEP]１キロ・メートル走るのに[ENT]かかったタイムは６０[UNK]２０なので、答えは３分となります。
503	BEFORE	１キロ・メートル走るのに[ENT]かかったタイムは６０[UNK]２０なので、答えは３分となります。[SEP]箱根駅伝で４年連続[ENT]優勝したのは５校目。
504	BEFORE	箱根駅伝で４年連続[ENT]優勝したのは５校目。[SEP]中央大（６年連続）と日体大しか果たしていない５年連続優勝を駒沢大が来年、[ENT]達成できるか楽しみですね。
505	AFTER	もうすぐ新学期が[ENT]始まります。[SEP]一年生の教室で初めて教科書を開いたときのどきどきわくわくした心を思いだし、初心に帰って[ENT]取り組みましょう。
506	AFTER	西武鉄道による有価証券報告書の虚偽記載問題で、グループ中核のコクドが、実質保有しながら個人名義にしていた西武鉄道株について、二〇〇三年ごろから西武鉄道と対応を協議していたことが[ENT]分かった。[SEP]西武鉄道はこれまで、個人名義株の実態について「一部担当者しかと知らず、現経営陣は認識していない」説明してきたが、協議には、問題発覚後に発足した「西武グループ経営改革委員会」事務局長の池田敦・西武鉄道常務（５７）が[ENT]参加していた。
507	OVERLAP	その風変わりな言葉を冠した新興ネット企業がアメリカのＩＴ（情報技術）業界で大きな注目を[ENT]集めている。[SEP]マサチューセッツ州ケンブリッジに拠点を置くアカマイ・テクノロジーズは、インターネット上を流れる膨大なコンテンツ（情報の内容）を「渋滞」を避けながら利用者に[ENT]届ける高速配信が売り物だ。
508	AFTER	その秘密は、自社サーバーをネット網の要所に配置し、どの経路を通れば最速で配信できるかを応用数学を駆使して決定する新技術に[ENT]ある。[SEP]「ネットの（米ハイテク業界関係者）と将来を左右する新市場を切り開いた」されるアカマイだが、その誕生に[ENT]かかわったのは社名通り「知性」の集団だった。
509	BEFORE	「西海岸に比べて[ENT]立ち遅れていた東海岸も、今やハイテク企業の輩出地。[SEP]その過程で大学が[ENT]果たした役割は極めて大きい」
510	OVERLAP	アカマイ誕生の「ふ化器」となったＭＩＴ技術移転機関（ＴＬＯ）の責任者、リタ・ネルソン氏は[ENT]強調する。[SEP]八六年の設立以来、ＭＩＴのＴＬＯはロケット工学、ソフトウエア、バイオなど多彩な分野で毎年百件を超す特許を[ENT]獲得する特許の「量産工場」だ。
511	OVERLAP	八六年の設立以来、ＭＩＴのＴＬＯはロケット工学、ソフトウエア、バイオなど多彩な分野で毎年百件を超す特許を[ENT]獲得する特許の「量産工場」だ。[SEP]学内の発明を企業に売り込むライセンス契約は毎年五十―七十五件、ベンチャー企業の設立は二十社程度に[ENT]達する。
512	OVERLAP	背景には、商品化を狙ったおう盛な研究意欲とそれを支える実務経験豊富なＴＬＯスタッフの存在が[ENT]ある。[SEP]教授、研究員、大学院生など一万人近い研究陣から[ENT]生まれる発明は年間五百件近い。
513	OVERLAP	教授、研究員、大学院生など一万人近い研究陣から[ENT]生まれる発明は年間五百件近い。[SEP]それを特許、金融、法務、販売など各分野の専門家である約三十人のスタッフが研究の評価、商品化への戦略作りなどきめ細かい体制で[ENT]支援している。
514	OVERLAP	それを特許、金融、法務、販売など各分野の専門家である約三十人のスタッフが研究の評価、商品化への戦略作りなどきめ細かい体制で[ENT]支援している。[SEP]また、特許収入の１５％をＴＬＯが取った残りが発明者らに還元され、次の発明への資金源と[ENT]なっている。
515	OVERLAP	また、特許収入の１５％をＴＬＯが取った残りが発明者らに還元され、次の発明への資金源と[ENT]なっている。[SEP]ネルソン氏は「と優秀な発明も、ＴＬＯがなければ、ただの研究論文として埋もれていた」[ENT]指摘する。
516	OVERLAP	ネルソン氏は「と優秀な発明も、ＴＬＯがなければ、ただの研究論文として埋もれていた」[ENT]指摘する。[SEP]強固な組織運営、公正な研究評価、資金面での明確なルールなどが成功の極意と言えそうだが、それ以上に大学が学問の府として内向きにならずに積極的にビジネスを取り込もうとする強い姿勢が[ENT]ある。
517	OVERLAP	強固な組織運営、公正な研究評価、資金面での明確なルールなどが成功の極意と言えそうだが、それ以上に大学が学問の府として内向きにならずに積極的にビジネスを取り込もうとする強い姿勢が[ENT]ある。[SEP]ＭＩＴの成功は、産学連携にしり込みしがちな日本の大学に大きなヒントを[ENT]与えている。
518	AFTER	（「ＴＬＯ」は愛敬珠樹、ニューヨーク坂本裕寿が[ENT]担当しました）[SEP]ＴＬＯで実績を[ENT]上げる米マサチューセッツ工科大と、ライトン教授（上）、ルーイン氏（下）
519	BEFORE	ヤマハは、世界で初めてＨＤＤ（ハードディスクドライブ）を搭載したオーディオＣＤレコーダーを９月２５日[ENT]発売する。[SEP]音楽ＣＤのデータをＨＤＤに録音し、自由に曲を選んで[ENT]編集できる。
520	BEFORE	音楽ＣＤのデータをＨＤＤに録音し、自由に曲を選んで[ENT]編集できる。[SEP]編集後、そのデータをＣＤ‐Ｒ／ＲＷに[ENT]書き込むことができる。
521	AFTER	伊藤園は、緑茶飲料「おーいお茶秋旬茶」を２７日[ENT]発売する。[SEP]今春、摘んだ茶葉を使用し、熟成したお茶本来のコクが楽しめると[ENT]いう。
522	AFTER	[UNK]洗面台の汚れ簡単に[ENT]落とす[SEP]ツムラは、シートタイプのクリーナー「バスピカ洗面台のふきとりシート」（８枚）を９月１０日、[ENT]発売する。
523	AFTER	ツムラは、シートタイプのクリーナー「バスピカ洗面台のふきとりシート」（８枚）を９月１０日、[ENT]発売する。[SEP]やわらかいメッシュタイプで、蛇口回りのぬめりや水あかなど、がんこな汚れも簡単に落とせると[ENT]いう。
524	BEFORE	やわらかいメッシュタイプで、蛇口回りのぬめりや水あかなど、がんこな汚れも簡単に落とせると[ENT]いう。[SEP]除菌効果もあり、においや汚れのもとになる菌の繁殖も[ENT]防げる。
525	BEFORE	下から突き上げるようにガツンと[ENT]当たり、激しい突き押しで一気に押し出し。[SEP]栃乃洋をまったく[ENT]寄せ付けなかった。
526	OVERLAP	「止まらないで攻めようと[ENT]思った。[SEP]二日間とも前に[ENT]出られている。
527	BEFORE	しかも同部屋の横綱武蔵丸、雅山、出島の両大関との対戦がないだけに、大関としていかにも[ENT]物足りなかった。[SEP]幸い、不調の原因だった腰痛は「気に。ならなく[ENT]なった」
528	BEFORE	幸い、不調の原因だった腰痛は「気に。ならなく[ENT]なった」[SEP]初場所千秋楽の翌日から休みなしでけいこを積んだこともあって「。楽な気持ちで場所に[ENT]臨めている」
529	AFTER	立ち合いに低く当たってそのまま攻め続け、回り込もうとする相手をしっかりと[ENT]押し出した。[SEP]先場所の負け越しは苦くても良い薬に[ENT]なったようだ。
530	OVERLAP	立ち合いから一気に秀光山（東川）を[ENT]押し出した。[SEP]「狙い通りの相撲が[ENT]できました」
531	BEFORE	「と苦笑い。一年前は、今ごろ序二段の上の方にいると思っていたけど、番付があまり[ENT]上がらなくて」[SEP]今場所からコンタクトレンズを着けており、相手の動きもよく見えると[ENT]いう。
532	BEFORE	今場所からコンタクトレンズを着けており、相手の動きもよく見えると[ENT]いう。[SEP]「これで取りこぼしも[ENT]なくなる。
533	OVERLAP	「これで取りこぼしも[ENT]なくなる。[SEP]これから[ENT]頑張りますよ」
534	AFTER	日本相撲協会は春場所初日の十一日、今場所の新弟子検査合格者六十五人を[ENT]発表した。[SEP]体格基準（１７３センチ、７５キロ以上）を満たした五十四人のうち、内臓検査で二人が落ちたが、新たに実施された体力検査を通過した体の小さな入門希望者（１６７センチ、６７キロ以上）は十三人全員が内臓検査を[ENT]パスした。
535	AFTER	サッカーのイタリア一部リーグ（セリエＡ）で首位のローマは十一日、当地でブレシャと対戦し３―１（前半１―１）で快勝して、連勝を７に[ENT]伸ばした。[SEP]中田はローマが２―１とリードした後の後半３６分から途中交代で登場し、リーグ戦に４試合ぶりに[ENT]出場した。
536	VAGUE	アルアクサ犯行[ENT]認める[SEP]イスラエル停戦協議[ENT]合意できず
537	BEFORE	イスラエルとパレスチナ自治政府の停戦に向けた最高治安当局者協議が２２日、米国のジニ特使の仲介で開かれたが、停戦条件をめぐる両者の対立は解けず、再び合意に達しないまま[ENT]閉幕した。[SEP]イスラエル当局者によると協議は今後も[ENT]続行される見込みだ。
538	AFTER	イスラエル当局者によると協議は今後も[ENT]続行される見込みだ。[SEP]一方、協議開催と前後して同日、ヨルダン川西岸のパレスチナ自治区ジェニン北方のイスラエル軍検問所で起きた自爆テロについて、アラファト・パレスチナ自治政府議長の支持基盤であるパレスチナ解放機構（ＰＬＯ）主流派ファタハの軍事部門「アルアクサ殉教者団」が犯行を[ENT]認めた。
539	AFTER	イスラエル軍によると、犯人は車でイスラエル領内に入ろうとして検問所で止められ、その場で自爆テロを決行したと[ENT]いう。[SEP]アルアクサ殉教者団は２１日のエルサレム繁華街での自爆テロ後、米国務省から「外国テロ組織」に指定され、この事件について２２日に新たな犯行声明文を[ENT]出した。
540	OVERLAP	アルアクサ殉教者団は２１日のエルサレム繁華街での自爆テロ後、米国務省から「外国テロ組織」に指定され、この事件について２２日に新たな犯行声明文を[ENT]出した。[SEP]米国のイスラエル寄りの姿勢を強く批判し、イスラエルに対し自爆テロによる徹底抗戦を[ENT]宣言する内容だ。
541	BEFORE	米国のイスラエル寄りの姿勢を強く批判し、イスラエルに対し自爆テロによる徹底抗戦を[ENT]宣言する内容だ。[SEP]アラファト議長はエルサレムの事件を受けて「ただちにイスラエル市民をと狙った自爆テロの停止措置をとる」公約したばかりで、身内とも言える組織のテロ続行声明によって一段と苦しい立場に[ENT]追い込まれた。
542	AFTER	ペルーの首都リマで２０日夜に発生した爆弾事件で、トレド大統領は２２日、犯人逮捕につながる情報提供者に１００万ドルの懸賞金を用意する一方、数日中に法改正を含むテロ対策を議会に提案する方針を明らかに[ENT]した。[SEP]大統領は２１日深夜、メキシコ・モンテレイで開かれていた国連開発資金会議への参加を切り上げて急きょ[ENT]帰国した。
543	BEFORE	大統領は２１日深夜、メキシコ・モンテレイで開かれていた国連開発資金会議への参加を切り上げて急きょ[ENT]帰国した。[SEP]ブッシュ米大統領は２３日午後、現職の米大統領として初めてペルーを[ENT]訪問する。
544	AFTER	メキシコのモンテレイで開かれていた国連の開発資金国際会議は２２日、先進国が開発途上国へ出す政府開発援助（ＯＤＡ）を、国民総生産（ＧＮＰ）の０・７％に引き上げるよう促す合意文書（モンテレイ・コンセンサス）を採択し、[ENT]閉幕した。[SEP]アナン事務総長は先進国からの援助額を倍増させる必要があると訴え、ブッシュ米大統領も「と３年間で援助額を５０％増やす」[ENT]約束した。
545	OVERLAP	しかし義務ではなく「努力目標」にとどめ、達成期限も[ENT]明記しなかった。[SEP]合意文書は同時に、各国が自国の経済発展に責任を持ち、あらゆるレベルで汚職と戦い、人材育成を進めるよう[ENT]促した。
546	OVERLAP	合意文書は同時に、各国が自国の経済発展に責任を持ち、あらゆるレベルで汚職と戦い、人材育成を進めるよう[ENT]促した。[SEP]途上国の中でＯＤＡを食い物にする政治家、官僚が目立ち、援助依存体質から抜け出せない国もあるためで、途上国の自助努力を促す形にも[ENT]なっている。
547	AFTER	途上国の中でＯＤＡを食い物にする政治家、官僚が目立ち、援助依存体質から抜け出せない国もあるためで、途上国の自助努力を促す形にも[ENT]なっている。[SEP]会議には１７１カ国からの代表団、５０人を超える首脳らが[ENT]参加した。
548	BEFORE	会議には１７１カ国からの代表団、５０人を超える首脳らが[ENT]参加した。[SEP]昨年の米同時多発テロを受け、各国首脳や国際機関代表からテロ撲滅につながる形の貧困対策を求める声が[ENT]相次いだ。
549	OVERLAP	１から９…その数字は[ENT]終わらない[SEP]青い空間に点滅する数字、それは永遠に[ENT]続く変化。
550	OVERLAP	青い空間に点滅する数字、それは永遠に[ENT]続く変化。[SEP]音は[ENT]ない。
551	BEFORE	間もなく大阪府和泉市のプロジェクトが[ENT]スタートします。[SEP]泉北高速和泉中央駅前に建設中の「に、発光ダイオードのデジタルカウンターを和泉市総合センター」使って、数字を点滅させる大作を[ENT]設置する計画です。
552	OVERLAP	泉北高速和泉中央駅前に建設中の「に、発光ダイオードのデジタルカウンターを和泉市総合センター」使って、数字を点滅させる大作を[ENT]設置する計画です。[SEP]センターは図書館や生涯学習センターなどが入る施設で、建物の中央に竹林庭園が設けられ、その地面にそれぞれの時を刻む百二十個のカウンターを[ENT]配置するんです。
553	AFTER	地域住民の協力を得て[ENT]完成させる予定です。[SEP]住民の方々にカウンターを一個ずつ渡して、数字を刻む速さを設定してもらい、作品に流れる時間を[ENT]考えていただく。
554	AFTER	住民の方々にカウンターを一個ずつ渡して、数字を刻む速さを設定してもらい、作品に流れる時間を[ENT]考えていただく。[SEP]住民と僕が創作を共有したいと[ENT]考えるからです。
555	BEFORE	市民とともに[ENT]創作する―。[SEP]この姿勢が公共の場に[ENT]置かれる作品には必要ではないでしょうか。
556	OVERLAP	香川の直島で一九九八年、築二百五十年の民家の中にプールを[ENT]作りました。[SEP]水中に、島のお年寄り百二十五人が速度を設定したデジタルカウンターを[ENT]設けたのです。
557	BEFORE	水中に、島のお年寄り百二十五人が速度を設定したデジタルカウンターを[ENT]設けたのです。[SEP]すると、それまで現代美術にほとんど縁がなかったお年寄りと訪れた若い客との間に、くつろいだ雰囲気の会話が[ENT]始まりました。
558	OVERLAP	アート作品は国境や人種、民族、文化の違いを超えて交流し、美しいハーモニーが図れる道具の一つだと[ENT]考えています。[SEP]数字を[ENT]使うのは世界共通のものだから。
559	OVERLAP	数字をカウントすることによって「を輪廻転生」[ENT]表現しています。[SEP][ENT]使う数字は１から９まで。
560	OVERLAP	不可解な部分が[ENT]あっていい。[SEP]何だかわけが[ENT]分からない、だけど好き。
561	BEFORE	８８年、ベネチアで開かれた国際現代美術展アペルト部門に、デジタルカウンターを[ENT]使った最初の作品を発表。[SEP]国際的な評価を[ENT]受けた。
562	AFTER	幻想[ENT]誘う「トンネル体験」[SEP]数年前、「１から９」の数字が点滅する宮島作品に、京都の美術館で[ENT]出合った。
563	OVERLAP	数年前、「１から９」の数字が点滅する宮島作品に、京都の美術館で[ENT]出合った。[SEP]人がやっと[ENT]すれ違える程度の、細くて暗く長いトンネル。
564	OVERLAP	人がやっと[ENT]すれ違える程度の、細くて暗く長いトンネル。[SEP]その中を観客が[ENT]通り抜ける作品だった。
565	OVERLAP	その中を観客が[ENT]通り抜ける作品だった。[SEP]赤い数字のシャワーを[ENT]浴びながら。
566	OVERLAP	赤い数字のシャワーを[ENT]浴びながら。[SEP]歩うち、点滅のスピードに、自分のく歩くリズムを無意識に合わせていることに[ENT]気づいた。
567	BEFORE	数字がカチカチとリズムを刻む音まで聴いたような錯覚を覚えた、実際にはまったく音は[ENT]ない。[SEP]その世界にすっかり[ENT]はまった。
568	BEFORE	その世界にすっかり[ENT]はまった。[SEP]そんな宮島作品が、最近、末期がんを宣告された患者の痛みをやわらげる効果がある、と[ENT]注目されている。
569	BEFORE	数字を何に見立て、どんな色にし、どう[ENT]配置していくか…。[SEP]次はもっといいものを[ENT]目指そう、と。
570	BEFORE	次はもっといいものを[ENT]目指そう、と。[SEP]最新作では鏡を[ENT]使う。
571	BEFORE	最新作では鏡を[ENT]使う。[SEP]薄暗かったこれまでと違い、明るい空間で、子供も怖がらずに[ENT]鑑賞できる。
572	OVERLAP	そこには観客の姿も[ENT]写る。[SEP]見え方が多彩に[ENT]なってきた。
573	AFTER	政権内の「バランサー」だった同氏が去ったことで、筋金入りの保守派であるローブ政治顧問が絶大な影響力を握り「保守政権が一層との見方がもっぱらだ。[ENT][UNK]化する」[SEP]ヒューズ氏は、先に子供の教育問題を理由に辞意を表明し、八日に[ENT]正式辞任した。
574	AFTER	ヒューズ氏は、先に子供の教育問題を理由に辞意を表明し、八日に[ENT]正式辞任した。[SEP]テキサス州知事時代にブッシュ氏の厚い信頼を獲得し、ホワイトハウスでは大統領のすべての主要演説作成に関与し、政権のイメージ戦略を[ENT]担った。
575	AFTER	ヒューズ氏と[ENT]拮抗（きっこう）するただ一人の存在がローブ氏だ。[SEP]一九七七年にブッシュ元大統領の選挙参謀に雇われ、ブッシュ家との付き合いが[ENT]始まった。
576	BEFORE	一九七七年にブッシュ元大統領の選挙参謀に雇われ、ブッシュ家との付き合いが[ENT]始まった。[SEP]現大統領が州知事選に出馬した時に再び雇われ、再選、二〇〇〇年の大統領選と三連勝したことで揺るぎない信頼を[ENT]得た。
577	BEFORE	現大統領が州知事選に出馬した時に再び雇われ、再選、二〇〇〇年の大統領選と三連勝したことで揺るぎない信頼を[ENT]得た。[SEP]側近で最も保守的で「ブッシュ氏の本来の信条に一番（クリントン前大統領の報道官だったロックハート氏）と近い存在」[ENT]みられる。
578	BEFORE	これに対し、ヒューズ氏は穏健主義を主張し、大統領の過度な[UNK]化を[ENT]防ぐ構図だった。[SEP]このため、辞任が決まると、カード首席補佐官は米誌で「ローブ氏にと対抗できる側近が必要だ」述べ、勢力均衡の崩壊に懸念を[ENT]示した。
579	BEFORE	このため、辞任が決まると、カード首席補佐官は米誌で「ローブ氏にと対抗できる側近が必要だ」述べ、勢力均衡の崩壊に懸念を[ENT]示した。[SEP]だが「彼女の穴を（ＵＳＡトゥデー紙）のが実情で、ローブ氏の権勢が埋める存在は見当たらない」[ENT]高まるのは確実だ。
580	BEFORE	三月の鉄鋼セーフガード措置（緊急輸入制限）発動という「自由貿易」の政権看板に反する保護主義政策も、民主党寄りの労組票獲得のために決断を促したと[ENT]される。[SEP]また、六月には「対テロ戦争」は超党派の支持を集めやすい与党有利の争点だとして、秋の中間選挙で前面に掲げて戦うよう共和党に指示を飛ばしていることが[ENT]発覚した。
581	BEFORE	また、六月には「対テロ戦争」は超党派の支持を集めやすい与党有利の争点だとして、秋の中間選挙で前面に掲げて戦うよう共和党に指示を飛ばしていることが[ENT]発覚した。[SEP]民主からは「外交問題を再選戦略にとの警戒感も利用する危険がある」[ENT]強まっている。
582	OVERLAP	今年五―六月の自治区での世論調査では４８％がアラファト氏再選を予測しており、議長が出馬すれば再選は[ENT]確実視されている。[SEP]議長はまた、米国などが要求する改革は進展しているとし、国際社会の支援への期待を[ENT]示した。
583	BEFORE	ボスニア・ヘルツェゴビナ南部を流れるネレトバ川に十六世紀に架けられ、ボスニア内戦時に破壊されたモスタルの石橋の再建工事がこのほど[ENT]始まった。[SEP]工事は約十八カ月で終了予定で、二〇〇四年には、世界的に知られた美しいアーチ形の石橋が再び姿を[ENT]現す。
584	AFTER	工事は約十八カ月で終了予定で、二〇〇四年には、世界的に知られた美しいアーチ形の石橋が再び姿を[ENT]現す。[SEP]橋はオスマン・トルコが建設、多民族が共存する町のシンボルとなり、国連教育科学文化機関（ユネスコ）が保護建造物に[ENT]指定していた。
585	BEFORE	橋はオスマン・トルコが建設、多民族が共存する町のシンボルとなり、国連教育科学文化機関（ユネスコ）が保護建造物に[ENT]指定していた。[SEP]しかし内戦中の一九九三年にクロアチア人勢力の砲撃で破壊され、モスタルの町は川の東岸にイスラム教徒、西岸にクロアチア人が[ENT]住む完全な民族分断状態に。
586	OVERLAP	しかし内戦中の一九九三年にクロアチア人勢力の砲撃で破壊され、モスタルの町は川の東岸にイスラム教徒、西岸にクロアチア人が[ENT]住む完全な民族分断状態に。[SEP]再建工事は世界銀行などの支援で進められ、もともと使われていた石を含め、既に千八十八個の石材の準備も完了、先月二十七日には起工式が[ENT]行われた。
587	BEFORE	青少年の奉仕・体験活動のあり方を論議してきた中央教育審議会が、奉仕活動の実績を高校や大学で単位認定したり、入試で評価対象とすることなどを柱とする答申を[ENT]まとめた。[SEP]長い間、教育現場を支配してきた知識・学力偏重の評価方法を変えていくには、子どもたちの個性や能力を多面的に[ENT]評価するシステムが必要だ。
588	AFTER	長い間、教育現場を支配してきた知識・学力偏重の評価方法を変えていくには、子どもたちの個性や能力を多面的に[ENT]評価するシステムが必要だ。[SEP]そういう意味で体の弱い高齢者や身障者の世話をしたり、地域の清掃や空き缶回収など環境美化の奉仕活動に汗を流している子どもたちを、積極的に評価することに異論は[ENT]ない。
589	AFTER	評価するにしても、善行表彰の回数や活動時間数をもとにした画一的な基準での判断は[ENT]避けるべきだろう。[SEP]答申は、自治体が活動実績を記録する「ヤング・ボランティア・パスポート」などを作成し、小、中、高校などでは、パスポート所持者には博物館などの文化施設やスポーツ施設などの入場料を割り引くなどの特典を与えるよう[ENT]提案している。
590	OVERLAP	答申は、自治体が活動実績を記録する「ヤング・ボランティア・パスポート」などを作成し、小、中、高校などでは、パスポート所持者には博物館などの文化施設やスポーツ施設などの入場料を割り引くなどの特典を与えるよう[ENT]提案している。[SEP]また、パスポートをもとに高校で単位を認定したり、大学入試や就職に活用することを[ENT]求めている。
591	BEFORE	また、パスポートをもとに高校で単位を認定したり、大学入試や就職に活用することを[ENT]求めている。[SEP]アイデアとしては悪くないが、単位認定やさまざまな特典などの優遇措置をちらつかせた奉仕・体験活動では、自発性を育てるという活動の本来の目的が[ENT]見失われる恐れが強い。
592	AFTER	アイデアとしては悪くないが、単位認定やさまざまな特典などの優遇措置をちらつかせた奉仕・体験活動では、自発性を育てるという活動の本来の目的が[ENT]見失われる恐れが強い。[SEP]学校現場に対して、注文が[ENT]ある。
593	OVERLAP	学校現場に対して、注文が[ENT]ある。[SEP]奉仕・体験活動は、これから総合学習の時間や学校行事の中で実施される可能性が高いが、子どもたちの自発性、自主性を[ENT]尊重してほしい。
594	OVERLAP	奉仕・体験活動は、これから総合学習の時間や学校行事の中で実施される可能性が高いが、子どもたちの自発性、自主性を[ENT]尊重してほしい。[SEP]奉仕活動を強制的に押しつけることだけは、[ENT]避けたい。
595	OVERLAP	奉仕活動を強制的に押しつけることだけは、[ENT]避けたい。[SEP]うまく自発性を引き出せば、子どもたちは進んでボランティア活動などに参加し、地域や社会に役立つ自分という存在に[ENT]気付くだろう。
596	OVERLAP	うまく自発性を引き出せば、子どもたちは進んでボランティア活動などに参加し、地域や社会に役立つ自分という存在に[ENT]気付くだろう。[SEP]教師は、個々の奉仕活動を点数できめ細かく評価することは[ENT]考えるべきではない。
597	OVERLAP	教師は、個々の奉仕活動を点数できめ細かく評価することは[ENT]考えるべきではない。[SEP]ボランティアなどの奉仕活動は、おおらかに評価する視点を[ENT]持ちたいものだ。
598	AFTER	宇宙のロマンを[ENT]語ろう[SEP]「わたしは、夜空を[ENT]見るのが大すきです。
599	AFTER	これは、九州航空宇宙開発推進協議会が創立十周年を記念して募集した「作文・絵画コンテスト」の小学生の部で最優秀賞を[ENT]受賞した熊本県本渡市立本渡南小学校二年田中みずほさんの作文の一節である。[SEP]「をテーマに二十年後の航空宇宙に対する夢」したこのコンテストには、九州・沖縄各県の小中学生から四百九十九点の作文、四千四百十九点の絵画の応募が[ENT]あった。
600	BEFORE	「をテーマに二十年後の航空宇宙に対する夢」したこのコンテストには、九州・沖縄各県の小中学生から四百九十九点の作文、四千四百十九点の絵画の応募が[ENT]あった。[SEP]入賞した作文や絵を見ていると、ロケットに乗って宇宙旅行をしたり、宇宙人と対話する近未来の夢が語られ、楽しい気分に[ENT]なってくる。
601	BEFORE	入賞した作文や絵を見ていると、ロケットに乗って宇宙旅行をしたり、宇宙人と対話する近未来の夢が語られ、楽しい気分に[ENT]なってくる。[SEP]夏の夜空は、無数に散らばる星を眺めながら、宇宙へのロマンに思いを[ENT]はせる絶好のチャンスだ。
602	OVERLAP	夏の夜空は、無数に散らばる星を眺めながら、宇宙へのロマンに思いを[ENT]はせる絶好のチャンスだ。[SEP]銀河系の星がたくさん集まる「天の川」が、鮮明に[ENT]見える季節でもある。
603	OVERLAP	銀河系の星がたくさん集まる「天の川」が、鮮明に[ENT]見える季節でもある。[SEP]環境省が毎年、実施している全国星空継続観察（スターウオッチング）は、今年も二十九日から八月十一日までの日程で[ENT]行われている。
604	BEFORE	星空観測を呼びかけている環境省は「星がはっきりとと見えるかどうかで、大気汚染のバロメーターになる」[ENT]話している。[SEP]夏休みの林間学校や山にキャンプへ出かけたときに、肉眼や双眼鏡、天体望遠鏡などで満天に輝く星の美しさを[ENT]確認したい。
605	OVERLAP	夏休みの林間学校や山にキャンプへ出かけたときに、肉眼や双眼鏡、天体望遠鏡などで満天に輝く星の美しさを[ENT]確認したい。[SEP]私たちが住む銀河系宇宙には二千億から三千億の星があるといわれるが、肉眼で[ENT]見ることができる星の数は数千個にすぎない。
